Datetime,log_rv,log_vol,returns
2025-09-01 09:00:00+02:00,-5.670870868207669,11.455031486551325,0.004100609801331067
2025-09-01 10:00:00+02:00,-6.091171664220372,11.709634687787137,-0.0007446186981872735
2025-09-01 11:00:00+02:00,-5.854932280916547,11.15540730848484,-0.0011179686874443172
2025-09-01 12:00:00+02:00,-5.771202829825985,11.323881362415447,0.0007448960299561571
2025-09-01 13:00:00+02:00,-6.26726773907891,10.111314399738445,0.00037237865621762536
2025-09-01 14:00:00+02:00,-5.949270896664605,10.665600937560797,-0.0003723786562177105
2025-09-01 15:00:00+02:00,-6.328388226694338,10.915288444217275,0.00037237865621762536
2025-09-01 16:00:00+02:00,-6.089596162648397,11.397099263464435,-0.0011175522246029827
2025-09-01 17:00:00+02:00,-7.08953887343374,10.429103261774754,0.0
2025-09-02 09:00:00+02:00,-4.502837414756036,11.845081256273541,-0.014511859866835303
2025-09-02 10:00:00+02:00,-5.440104952905656,11.972253562968545,-0.0007499234587096842
2025-09-02 11:00:00+02:00,-5.8156744350422525,11.46114784278859,0.0007502047567958144
2025-09-02 12:00:00+02:00,-5.807350229084875,10.44923620609135,-0.0011259407158304554
2025-09-02 13:00:00+02:00,-6.122313253037129,10.465471961643733,-0.0033841038090952663
2025-09-02 14:00:00+02:00,-5.748980549925746,11.446668134191984,-0.005670078555575765
2025-09-02 15:00:00+02:00,-5.453872101129328,11.425404867440733,0.003783598305736472
2025-09-02 16:00:00+02:00,-6.0134476069715515,11.90369647499882,-0.0011331705572871038
2025-09-02 17:00:00+02:00,-6.434492303069662,11.137198754625853,-0.0026479945958322224
2025-09-03 09:00:00+02:00,-4.560412240006591,11.614335186508667,-0.005623243213395066
2025-09-03 10:00:00+02:00,-5.588254255605439,11.129158245838182,0.0067390145555317905
2025-09-03 11:00:00+02:00,-6.062853011843513,11.862751005207715,0.0018639761133916958
2025-09-03 12:00:00+02:00,-5.725712405324537,10.978984733698187,0.003718873017608896
2025-09-03 13:00:00+02:00,-6.213046716934222,10.514448062108126,-0.004091529212255828
2025-09-03 14:00:00+02:00,-6.225984563021348,11.845009516144952,-0.004855324943280827
2025-09-03 15:00:00+02:00,-5.843094918035048,11.828713828969779,0.0007485201800697583
2025-09-03 16:00:00+02:00,-5.556298874691227,11.639655027507073,0.002243042932627903
2025-09-03 17:00:00+02:00,-6.57406122345001,10.682192971457658,0.0018659918427312468
2025-09-04 09:00:00+02:00,-4.362733456336441,12.574022784875579,0.009135820972256094
2025-09-04 10:00:00+02:00,-4.9567029215570075,12.474453390014268,-0.0051038896100049505
2025-09-04 11:00:00+02:00,-5.70526025167917,11.704338898442401,-0.000731010899420521
2025-09-04 12:00:00+02:00,-5.41144291833828,12.260996342026074,0.006559801280539131
2025-09-04 13:00:00+02:00,-5.761519732008495,11.533698209785497,-0.0007270250264715741
2025-09-04 14:00:00+02:00,-5.8479966552843745,11.100481058118849,-0.0007272894052827783
2025-09-04 15:00:00+02:00,-5.679652739272938,11.460842385100003,0.00036384315506901924
2025-09-04 16:00:00+02:00,-5.8812473931356,11.84613524269797,0.0032685757477268966
2025-09-04 17:00:00+02:00,-6.476850508706161,11.592124740131466,0.0007249169455932675
2025-09-05 09:00:00+02:00,-5.12756160927359,11.031156899470346,0.00361012602047336
2025-09-05 10:00:00+02:00,-5.888212666386572,11.141194894591692,0.00036056351591721986
2025-09-05 11:00:00+02:00,-6.135236910140715,11.4329944177291,-0.0003604335567254039
2025-09-05 12:00:00+02:00,-6.481523629452544,10.738351285714554,-0.002527522399742881
2025-09-05 13:00:00+02:00,-6.070173937013363,10.369577282460726,0.002527522399742988
2025-09-05 14:00:00+02:00,-6.012157364553673,11.26924751868317,0.0007209970726427867
2025-09-05 15:00:00+02:00,-5.658650228697069,12.086134163567516,-0.0007204776103722499
2025-09-05 16:00:00+02:00,-5.333411854136579,12.104172801501328,-0.008686256936010009
2025-09-05 17:00:00+02:00,-7.572759651849481,11.012644055079909,-0.001090735847846279
2025-09-08 09:00:00+02:00,-4.745501849767097,11.560410015291948,0.00288808591566019
2025-09-08 10:00:00+02:00,-5.7959857653494415,11.413436566469485,-0.0036101260204732433
2025-09-08 11:00:00+02:00,-6.120633611738215,10.66825747676904,0.002528435378970495
2025-09-08 12:00:00+02:00,-6.455188368850278,10.97303141870689,0.0007215172845153441
2025-09-08 13:00:00+02:00,-6.15007555613043,10.693625318409701,0.00036056351591721986
2025-09-08 14:00:00+02:00,-5.791163539037481,11.50858606337113,0.002521150132924986
2025-09-08 15:00:00+02:00,-6.0283573449963015,11.540151451223819,0.0017969868178642873
2025-09-08 16:00:00+02:00,-5.651586597818157,12.318079028409104,0.0032275499364307174
2025-09-08 17:00:00+02:00,-6.158515236377636,10.930048726626888,0.0010734937378899872
2025-09-09 09:00:00+02:00,-5.159525442568092,12.675666815959088,-0.0021490471425358116
2025-09-09 10:00:00+02:00,-5.837273718176709,11.311066285763198,-0.0007173081488679839
2025-09-09 11:00:00+02:00,-5.803130191024643,11.352122709062593,0.003939081270660919
2025-09-09 12:00:00+02:00,-6.092938028669449,10.93784572406446,-0.0010724107286638914
2025-09-09 13:00:00+02:00,-6.389034863130385,12.173931612197759,-0.002865328830732106
2025-09-09 14:00:00+02:00,-5.744182853122466,12.932207210041787,0.0014326977886915577
2025-09-09 15:00:00+02:00,-5.621330664445302,11.201155596989357,-0.00035811025677359986
2025-09-09 16:00:00+02:00,-6.0078835382223446,11.90693858196428,-0.0021520620105001643
2025-09-09 17:00:00+02:00,-7.2386535333885025,10.450249656106424,0.0
2025-09-10 09:00:00+02:00,-3.7573077062640365,11.70343011540549,-0.007765701620644314
2025-09-10 10:00:00+02:00,-5.798295510743178,11.793348756097426,-0.003905515461383364
2025-09-10 11:00:00+02:00,-5.76481853130139,11.650920630121965,0.004968050961040547
2025-09-10 12:00:00+02:00,-6.031954355566088,10.968991078636485,0.0021216226667302228
2025-09-10 13:00:00+02:00,-6.231098024831442,10.633255916551718,-0.0017676949036538605
2025-09-10 14:00:00+02:00,-5.900250757553115,11.594874047617395,0.0038862655930409257
2025-09-10 15:00:00+02:00,-5.661751970209139,11.10185467434123,0.0
2025-09-10 16:00:00+02:00,-6.341662029411646,11.462368741353076,0.0017620881056443004
2025-09-10 17:00:00+02:00,-5.790312617122519,11.25230068671898,-0.004940002597115802
2025-09-11 09:00:00+02:00,-5.504151643916824,11.233806623178936,-0.0024748004570880606
2025-09-11 10:00:00+02:00,-5.70264903091952,11.166921949681214,-0.00035405307228953683
2025-09-11 11:00:00+02:00,-6.213250934489821,10.758477183833678,-0.00035405307228953683
2025-09-11 12:00:00+02:00,-6.199839322172523,10.536778565942708,0.0035335860370334024
2025-09-11 13:00:00+02:00,-6.564210397136646,10.645567744205252,-0.001058412036109944
2025-09-11 14:00:00+02:00,-5.516697214259213,11.072045591890905,0.0024669508484522484
2025-09-11 15:00:00+02:00,-5.776393567147522,11.813881546652548,0.004211972981900302
2025-09-11 16:00:00+02:00,-5.527202997586768,11.858123803891734,-0.007029865749612582
2025-09-11 17:00:00+02:00,-6.321282140945214,11.292041858056864,0.002114146865691313
2025-09-12 09:00:00+02:00,-5.180254076468407,11.895231117934614,-0.004571808872125186
2025-09-12 10:00:00+02:00,-5.936286112451027,10.769747350804717,-0.0010575985311162455
2025-09-12 11:00:00+02:00,-6.429326618156006,12.290115036104945,0.003169580083953984
2025-09-12 12:00:00+02:00,-6.268901690477242,10.698198048505514,0.00035156367575485024
2025-09-12 13:00:00+02:00,-6.133068053168455,11.499556497231275,-0.002464345310957564
2025-09-12 14:00:00+02:00,-6.534123616182465,11.471957626481926,0.001056853332648039
2025-09-12 15:00:00+02:00,-6.235927559503804,11.205353561420127,0.0028139281856761752
2025-09-12 16:00:00+02:00,-5.957991037041612,11.56998609625184,-0.002815908986712394
2025-09-12 17:00:00+02:00,-6.534517930831988,13.89539232961138,0.001056853332648039
2025-09-15 09:00:00+02:00,-5.6952919763494885,11.655318724999319,-0.005982776125223935
2025-09-15 10:00:00+02:00,-5.656122294888184,11.719215795210426,0.0007057324801023271
2025-09-15 11:00:00+02:00,-6.248175481369008,11.120682557031186,-0.0007062308902008055
2025-09-15 12:00:00+02:00,-6.4773879850320775,10.816031273123349,0.0024695619014194624
2025-09-15 13:00:00+02:00,-6.250102212335062,11.362393230665681,0.0014084831928709812
2025-09-15 14:00:00+02:00,-5.903580360136132,10.908960636460614,-0.0024652132117046273
2025-09-15 15:00:00+02:00,-5.86052853192359,11.492916616411906,-0.004238820810029609
2025-09-15 16:00:00+02:00,-6.142908336690759,11.883833634269681,0.0024730517486636077
2025-09-15 17:00:00+02:00,-7.053600508682801,10.96406908643623,0.0007054835387683249
2025-09-16 09:00:00+02:00,-5.849444977880189,11.172981207855637,0.001757751818262967
2025-09-16 10:00:00+02:00,-5.644849724199,11.273080721932608,-0.0021089451171416697
2025-09-16 11:00:00+02:00,-5.920065207344951,11.321256355615763,-0.00352486730393259
2025-09-16 12:00:00+02:00,-5.946554647639809,10.661298246421795,0.0014119633703031582
2025-09-16 13:00:00+02:00,-6.452414165986307,10.930192011064651,0.0
2025-09-16 14:00:00+02:00,-5.853216295269309,11.693704165506668,-0.0031807820542725466
2025-09-16 15:00:00+02:00,-5.587896174732305,12.193002603434426,-0.008174900346555884
2025-09-16 16:00:00+02:00,-5.411082726011599,12.796478100628205,-0.0021451372319424454
2025-09-16 17:00:00+02:00,-6.304953734240281,11.223134503708133,-0.00250940062406794
2025-09-17 09:00:00+02:00,-5.459598041702388,11.446304777628333,0.0017943388080476123
2025-09-17 10:00:00+02:00,-6.460736964921228,11.071377116688982,-0.000717565531225762
2025-09-17 11:00:00+02:00,-5.793800012411808,10.965159193391955,-0.0010778045449476312
2025-09-17 12:00:00+02:00,-5.9945183724968,11.706013850875076,-0.0010792869986171747
2025-09-17 13:00:00+02:00,-5.833961980138581,11.053410635438665,0.0010788988267418365
2025-09-17 14:00:00+02:00,-6.1818164808526195,11.44016120501539,-0.0010788988267419382
2025-09-17 15:00:00+02:00,-5.972659477741781,11.670792089258995,0.0007199588960848103
2025-09-17 16:00:00+02:00,-5.649281386769099,12.915727816338826,-0.007225492444580481
2025-09-17 17:00:00+02:00,-6.769931392917247,11.520496730466547,-0.0014513430548204044
2025-09-18 09:00:00+02:00,-4.336960490489418,11.86809327375112,0.00930573045976037
2025-09-18 10:00:00+02:00,-6.095281103751483,11.632511319016968,0.001425989828331938
2025-09-18 11:00:00+02:00,-6.024940689534827,12.856017396414206,-0.002495978997139536
2025-09-18 12:00:00+02:00,-5.615754072960344,11.213008854850106,-0.0039363304200504354
2025-09-18 13:00:00+02:00,-5.863976501516114,11.042921835724492,0.0032217731217930395
2025-09-18 14:00:00+02:00,-5.76957405785271,11.465697579807188,-0.0032229268738170175
2025-09-18 15:00:00+02:00,-5.453325706201844,12.124526307971601,-0.0010770306591797506
2025-09-18 16:00:00+02:00,-5.673231986821195,12.039746477689445,0.0007181493123627982
2025-09-18 17:00:00+02:00,-6.488747653479235,11.159573565028428,0.002508501336976021
2025-09-19 09:00:00+02:00,-5.3628115134192615,11.098470065023932,0.0017867128220235497
2025-09-19 10:00:00+02:00,-6.058805134977561,11.059598012135023,0.0024977602915223283
2025-09-19 11:00:00+02:00,-5.813857700316789,12.152650771534098,-0.0024986518924909984
2025-09-19 12:00:00+02:00,-5.549381818101219,10.947714050677646,-0.0017892020377484265
2025-09-19 13:00:00+02:00,-6.251268514612252,11.79841263037494,0.0
2025-09-19 14:00:00+02:00,-6.219304997247842,11.543444970636966,0.002861229548440964
2025-09-19 15:00:00+02:00,-5.701321540704458,11.871808968245336,0.0024959789971394247
2025-09-19 16:00:00+02:00,-5.837718664181552,11.42859775644616,-0.00035619693875365747
2025-09-19 17:00:00+02:00,-6.619647982997926,10.155607212086855,-0.0014259898283320608
2025-09-22 09:00:00+02:00,-5.282528583035252,12.027167247017333,0.0046189161193146856
2025-09-22 10:00:00+02:00,-5.703535040753764,11.540336330979526,-0.0028398998922451527
2025-09-22 11:00:00+02:00,-5.9667825966318135,11.523489468873706,-0.002488879322978149
2025-09-22 12:00:00+02:00,-6.179654712040641,10.888669817429331,0.0028439380483619697
2025-09-22 13:00:00+02:00,-6.745609303067971,10.693330316421973,0.0017733374961713853
2025-09-22 14:00:00+02:00,-6.021087321911429,11.76485081770989,0.0014169650325457216
2025-09-22 15:00:00+02:00,-5.489806505428501,12.148898937455622,0.002827853556930996
2025-09-22 16:00:00+02:00,-5.702126840891572,11.956501696505642,0.0
2025-09-22 17:00:00+02:00,-6.503452310561877,10.99745574071058,-0.0010602149505570969
2025-09-23 09:00:00+02:00,-4.768418020205658,12.24690264001843,0.00489680547923957
2025-09-23 10:00:00+02:00,-5.6168087420510115,11.687072030728938,0.001741830685762236
2025-09-23 11:00:00+02:00,-6.60739228768551,11.375810516214353,-0.0024394399819451565
2025-09-23 12:00:00+02:00,-5.413050477129306,11.708261958841678,-0.007356806132486647
2025-09-23 13:00:00+02:00,-6.206553543551709,10.784586245241275,0.004211972981900302
2025-09-23 14:00:00+02:00,-6.224516072488743,11.541998712455936,0.0014001022922316498
2025-09-23 15:00:00+02:00,-5.9737523472501755,11.539917870033829,0.0010487917802963073
2025-09-23 16:00:00+02:00,-5.744406540502629,11.645855426771487,0.0006985173296629002
2025-09-23 17:00:00+02:00,-5.813114731624029,11.30759727352602,-0.003848131488387762
2025-09-24 09:00:00+02:00,-4.835750884790874,11.993485676904909,0.005982776125223903
2025-09-24 10:00:00+02:00,-5.4194820265318375,12.564673234224388,-0.006335829225066885
2025-09-24 11:00:00+02:00,-5.903613134926013,11.559723169318769,0.0031718142040897852
2025-09-24 12:00:00+02:00,-5.708586779392739,11.20288871150165,0.00035181104372475716
2025-09-24 13:00:00+02:00,-5.955067989020387,11.079060882340366,-0.004229856138015353
2025-09-24 14:00:00+02:00,-5.688635479669451,11.391627509213443,-0.0003531777903579154
2025-09-24 15:00:00+02:00,-5.894199976839687,11.843437115397364,-0.0007064803593376572
2025-09-24 16:00:00+02:00,-5.804254841696388,12.054470382395586,0.001765265939282923
2025-09-24 17:00:00+02:00,-6.402971622058722,11.330143802343818,-0.0031785352874318922
2025-09-25 09:00:00+02:00,-4.964094334097422,12.285706038676716,-0.002117198143299461
2025-09-25 10:00:00+02:00,-5.77235430339871,11.54959484932724,-0.00851068160894847
2025-09-25 11:00:00+02:00,-6.084731309138816,11.841322326195934,0.00035607010766987226
2025-09-25 12:00:00+02:00,-6.313325988185938,10.636215958180195,0.001066244247197694
2025-09-25 13:00:00+02:00,-5.613009999930285,11.63244033347137,-0.00605738815743047
2025-09-25 14:00:00+02:00,-5.951526139241878,11.709289627891176,-0.0007148126855790189
2025-09-25 15:00:00+02:00,-5.7091111995192625,11.693946176031135,0.0003573424731440118
2025-09-25 16:00:00+02:00,-5.642095128548706,11.774304629000957,0.006408007124846804
2025-09-25 17:00:00+02:00,-6.660315278822115,11.133171962297958,-0.0014209919289623343
2025-09-26 09:00:00+02:00,-5.0231758999225145,11.48717679494745,0.0056718250080411
2025-09-26 10:00:00+02:00,-5.616704864667252,11.43854668692113,-0.0003533600145000403
2025-09-26 11:00:00+02:00,-6.079768712452596,11.583840487939831,0.0017664458407577646
2025-09-26 12:00:00+02:00,-6.091573253472809,11.39369137704653,0.0
2025-09-26 13:00:00+02:00,-5.6768434353216355,11.491354475042085,0.008435894411614405
2025-09-26 14:00:00+02:00,-5.3322229699429275,12.134313451298253,0.00139912283452781
2025-09-26 15:00:00+02:00,-5.6380342875706715,11.46217938925228,-0.0052567679027331555
2025-09-26 16:00:00+02:00,-5.83377660964639,11.43043476340315,-0.005986990211432153
2025-09-26 17:00:00+02:00,-6.171576456021292,11.32069901629074,0.0021163841110615404
2025-09-29 09:00:00+02:00,-4.614194317001945,11.18052492771907,-0.006995508131982159
2025-09-29 10:00:00+02:00,-5.567323177215131,10.978199831088187,0.0035026438893043677
2025-09-29 11:00:00+02:00,-5.677567096026699,11.87416696629623,-0.0006995613316750001
2025-09-29 12:00:00+02:00,-5.871453636699971,11.26373306929897,0.0006998061103322088
2025-09-29 13:00:00+02:00,-6.224839853516759,11.463703707677881,0.0010491585632889074
2025-09-29 14:00:00+02:00,-6.065601295132415,11.361835097606228,-0.002450541871010221
2025-09-29 15:00:00+02:00,-5.773974147172159,11.713659794771308,0.0028011195671943895
2025-09-29 16:00:00+02:00,-5.880254428994035,11.765643352385913,0.00034947505610063897
2025-09-29 17:00:00+02:00,-6.412364736892489,11.617978933493907,-0.001398633619389643
2025-09-30 09:00:00+02:00,-5.35955061590958,11.74045139959981,0.002803082557629216
2025-09-30 10:00:00+02:00,-6.369499172382726,11.533051569353818,0.0017485978906284997
2025-09-30 11:00:00+02:00,-5.833475457790328,11.50249121704808,-0.0020986846797366424
2025-09-30 12:00:00+02:00,-5.743278165016885,10.679573243881636,0.002447115220291477
2025-09-30 13:00:00+02:00,-6.153598596307276,10.876253131338261,-0.0006987614014229916
2025-09-30 14:00:00+02:00,-5.346337860411016,11.906122291184527,-0.0031518202112038375
2025-09-30 15:00:00+02:00,-5.916207958343397,11.804751439587339,0.000350700644009307
2025-09-30 16:00:00+02:00,-5.615681651752644,11.932911301819258,0.0017509805393351506
2025-09-30 17:00:00+02:00,-6.389977947300836,11.365353100503093,-0.0006998061103322569
2025-10-01 09:00:00+02:00,-4.522832641603158,11.705494338215733,-0.00035168731624173847
2025-10-01 10:00:00+02:00,-6.008120628174864,11.589821689190972,0.004917512392305858
2025-10-01 11:00:00+02:00,-5.577299228848834,11.849897576633092,-0.0007012783401936698
2025-10-01 12:00:00+02:00,-5.917119202975205,11.221382615969278,0.0
2025-10-01 13:00:00+02:00,-5.980502802241756,11.616086563682886,0.0003504548345345813
2025-10-01 14:00:00+02:00,-5.753519989855703,11.867391972106578,0.002450541871010093
2025-10-01 15:00:00+02:00,-5.864205489866122,12.339107664981913,0.0
2025-10-01 16:00:00+02:00,-5.716072565558537,12.13549995535801,0.003841478775804424
2025-10-01 17:00:00+02:00,-6.642904847027639,11.435882420471916,0.0013932084498607755
2025-10-02 09:00:00+02:00,-4.219508730883193,12.028475909171934,0.004834308338098762
2025-10-02 10:00:00+02:00,-5.412486902848502,11.388008291763184,0.0030943206783896
2025-10-02 11:00:00+02:00,-5.539422547256901,11.70487551865614,-0.002061129779838665
2025-10-02 12:00:00+02:00,-5.938256713809597,11.158519373808797,0.0027463087426405704
2025-10-02 13:00:00+02:00,-6.390503520089169,11.307535875241468,0.0023960201248372213
2025-10-02 14:00:00+02:00,-5.9953794543402665,11.431335727930273,-0.0013680205909325522
2025-10-02 15:00:00+02:00,-5.759086391310557,11.968341967520802,-0.002054776967282619
2025-10-02 16:00:00+02:00,-6.368486297583446,11.645277412322548,0.0
2025-10-02 17:00:00+02:00,-6.159359415742053,11.62007438048727,-0.0006856516453517214
2025-10-03 09:00:00+02:00,-4.806207598342025,11.496165803154888,0.0006790679563008437
2025-10-03 10:00:00+02:00,-5.9504123300118765,11.411734024406766,-0.00033944395366162903
2025-10-03 11:00:00+02:00,-6.303997507021314,11.265809354265109,0.001018115789337025
2025-10-03 12:00:00+02:00,-6.420840585057295,10.724346097163354,-0.0013582008348606597
2025-10-03 13:00:00+02:00,-6.2378622264428705,11.016709268588237,-0.0017004304339834223
2025-10-03 14:00:00+02:00,-5.813813165605585,11.10585907549509,0.0010206051966586737
2025-10-03 15:00:00+02:00,-5.891865350179698,11.191286666906919,-0.001020258103054647
2025-10-03 16:00:00+02:00,-5.818658245635038,12.058679912587115,-0.0017032617928112153
2025-10-03 17:00:00+02:00,-7.290184670087209,10.775199241012317,-0.0003411301082025366
2025-10-06 09:00:00+02:00,-5.083923717081653,11.988849036726954,0.00034089752737950736
2025-10-06 10:00:00+02:00,-6.237400627109603,11.720606078897715,0.002382969462090524
2025-10-06 11:00:00+02:00,-6.073887227356845,11.993955578481543,0.0027164676882434824
2025-10-06 12:00:00+02:00,-6.032782968117403,11.465823375201145,0.0006779816450775752
2025-10-06 13:00:00+02:00,-6.12119468690242,10.81975828421028,0.0
2025-10-06 14:00:00+02:00,-6.144027532876529,11.304288679856738,-0.0013564232611356555
2025-10-06 15:00:00+02:00,-5.346578327329418,12.637926487976241,-0.00033927834340624163
2025-10-06 16:00:00+02:00,-6.240063224924581,11.855933439904843,0.0006786718356753923
2025-10-06 17:00:00+02:00,-7.092452837844482,10.98012686039383,-0.0006786718356754082
2025-10-07 09:00:00+02:00,-5.133644896828843,12.126661405105887,0.0030701081917147897
2025-10-07 10:00:00+02:00,-5.653441350040372,12.324095652391165,0.0030596061724805796
2025-10-07 11:00:00+02:00,-6.0531968097991635,10.807179248833767,0.0013568833882539868
2025-10-07 12:00:00+02:00,-6.323870593743941,10.936120282270263,-0.0006782115525783906
2025-10-07 13:00:00+02:00,-6.053183529246816,10.667582359470872,-0.0006786718356754082
2025-10-07 14:00:00+02:00,-6.052108613446487,11.115220171473505,0.0006786718356753923
2025-10-07 15:00:00+02:00,-5.959385977111844,12.084893223678456,0.0013559634459752862
2025-10-07 16:00:00+02:00,-5.844396090067483,11.927779690375079,-0.0030534426242423097
2025-10-07 17:00:00+02:00,-5.216703588654265,12.632143979531286,-0.005453314352235494
2025-10-08 09:00:00+02:00,-3.815817844549516,13.14736618578145,-0.009713723003100543
2025-10-08 10:00:00+02:00,-4.943470459487752,12.53311844975374,0.0
2025-10-08 11:00:00+02:00,-5.857033311553325,11.982935344196433,-0.001348194185486353
2025-10-08 12:00:00+02:00,-5.655485560440792,11.856550629724486,-0.0027008768618050605
2025-10-08 13:00:00+02:00,-5.417074943309293,12.705407502580666,-0.006101724191252702
2025-10-08 14:00:00+02:00,-4.090931418094077,13.196098851617878,-0.011624067724829034
2025-10-08 15:00:00+02:00,-4.650851665083524,12.53526127813368,0.007880785911310514
2025-10-08 16:00:00+02:00,-5.252935742160466,12.587368004331132,0.0068004602091278924
2025-10-08 17:00:00+02:00,-6.468010398667483,11.69746955011728,-0.0006777518933968997
2025-10-09 09:00:00+02:00,-5.455651144549619,11.584994932212501,-0.002709108478085653
2025-10-09 10:00:00+02:00,-5.490531585505368,11.219225320192885,-0.002036642450918775
2025-10-09 11:00:00+02:00,-6.6683318032797585,11.340878938784018,0.0010192182372991516
2025-10-09 12:00:00+02:00,-5.817588871338887,11.143411307085216,0.0003394439536615164
2025-10-09 13:00:00+02:00,-5.741246498652768,11.724328363761407,0.005077063723198339
2025-10-09 14:00:00+02:00,-6.089316158525736,11.36612934064356,-0.001012617109206841
2025-10-09 15:00:00+02:00,-5.317253603624838,12.208300162770525,-0.005080438213646695
2025-10-09 16:00:00+02:00,-5.84320638425402,12.35387608129828,0.0
2025-10-09 17:00:00+02:00,-7.438025600850637,11.148117537801307,-0.0006793633889297929
2025-10-10 09:00:00+02:00,-5.208988520557579,11.46603299903195,-0.002382158495189115
2025-10-10 10:00:00+02:00,-6.037319415990618,11.554201756282067,-0.0017050692872382146
2025-10-10 11:00:00+02:00,-5.90197597530882,11.875559617502088,-0.0020498629302505554
2025-10-10 12:00:00+02:00,-5.711122579396539,11.394141928980261,0.004437661072449421
2025-10-10 13:00:00+02:00,-5.838067292290334,10.524762720858279,0.0006812145136692248
2025-10-10 14:00:00+02:00,-5.955050877690637,12.456823581745908,0.0010206051966586737
2025-10-10 15:00:00+02:00,-5.886877860377103,11.74859029683811,0.004747360246539508
2025-10-10 16:00:00+02:00,-5.297411853145616,12.200904312677364,-0.007129518741728752
2025-10-10 17:00:00+02:00,-5.160034215189631,12.638974564948457,-0.0068376595613090195
2025-10-13 09:00:00+02:00,-5.298733504746259,11.795175309552645,0.0017173020690861972
2025-10-13 10:00:00+02:00,-5.947042700466247,11.121555551234609,0.0
2025-10-13 11:00:00+02:00,-5.715999467883104,10.852129301294609,0.0006861220861073485
2025-10-13 12:00:00+02:00,-6.5618527076596855,10.600850832843811,0.00034288458744714616
2025-10-13 13:00:00+02:00,-5.443365410350597,10.795034670519367,-0.0013717737314591374
2025-10-13 14:00:00+02:00,-6.329882957246607,10.84204845305601,0.001029006673554371
2025-10-13 15:00:00+02:00,-5.450893443399766,12.027292809432483,0.0023968405587580692
2025-10-13 16:00:00+02:00,-5.878088432725857,11.5399276036728,0.0
2025-10-13 17:00:00+02:00,-4.046870584640462,13.906924977320385,0.0064791543041532035
2025-10-14 09:00:00+02:00,-4.482540318743927,12.396498771400639,-0.001030001096962174
2025-10-14 10:00:00+02:00,-5.54552629806845,12.14583419913841,-0.0013746021065826853
2025-10-14 11:00:00+02:00,-5.397319398155712,11.954163040166522,-0.005167956913673751
2025-10-14 12:00:00+02:00,-5.598419697195632,13.397103057247202,-0.005196603233028514
2025-10-14 13:00:00+02:00,-5.665921905944486,11.26206379132333,0.007612469598799472
2025-10-14 14:00:00+02:00,-5.94377530614605,12.899574763092527,0.0006891956664317774
2025-10-14 15:00:00+02:00,-5.363043603115661,12.221084403150611,0.0017202562694644623
2025-10-14 16:00:00+02:00,-5.875544827406407,12.677141332400627,0.003430548115927145
2025-10-14 17:00:00+02:00,-6.626184543667121,11.290194328601283,0.0013693603004728441
2025-10-15 09:00:00+02:00,-4.478545167716569,12.179995575020055,0.0027072748579315413
2025-10-15 10:00:00+02:00,-6.135791869558473,12.045815861333631,-0.002706358978334304
2025-10-15 11:00:00+02:00,-6.07745226843283,11.20192017521155,0.0027063589783342767
2025-10-15 12:00:00+02:00,-6.470024343667271,11.142397871742514,-0.0010140506735720725
2025-10-15 13:00:00+02:00,-5.67446804979,11.326113842903409,-0.0016911634728223256
2025-10-15 14:00:00+02:00,-5.862244432156512,12.306510565067963,0.005403587755159311
2025-10-15 15:00:00+02:00,-5.348015179494195,12.373052112024858,-0.0016855269277347613
2025-10-15 16:00:00+02:00,-5.909204626458763,12.380563623208939,0.003031841776912923
2025-10-15 17:00:00+02:00,-6.281313130509984,12.267247704063815,0.001344116977217953
2025-10-16 09:00:00+02:00,-4.295300067623851,13.043326663549287,-0.017675987731111596
2025-10-16 10:00:00+02:00,-5.161636616462928,12.25896865488367,-0.005061580645955838
2025-10-16 11:00:00+02:00,-4.724864786177154,12.51788985814027,0.010101134584653445
2025-10-16 12:00:00+02:00,-5.306218371983159,11.46264218666046,0.0013395517287271479
2025-10-16 13:00:00+02:00,-5.424834801614077,11.517674171992432,0.0013378234783854798
2025-10-16 14:00:00+02:00,-5.151363298836043,11.81069399762302,0.0033377995388389385
2025-10-16 15:00:00+02:00,-4.300301932744038,13.299055786902265,-0.01714616659630784
2025-10-16 16:00:00+02:00,-5.226545630762305,12.836184175077294,0.0003391632726519596
2025-10-16 17:00:00+02:00,-5.949820528439722,12.042788717613357,0.0010168001733234166
2025-10-17 09:00:00+02:00,-3.980711771254456,12.441547848517008,-0.0027538717294138407
2025-10-17 10:00:00+02:00,-5.075797131649116,11.960760169444901,-0.005879320982501882
2025-10-17 11:00:00+02:00,-5.50620793685604,11.776742519780447,0.0024242330426326587
2025-10-17 12:00:00+02:00,-5.228615867883136,11.557162421863278,0.012379821495582128
2025-10-17 13:00:00+02:00,-5.210430351275434,11.549286323403795,0.004774885985639399
2025-10-17 14:00:00+02:00,-5.589418157772459,11.595233297617805,-0.0006809176460897186
2025-10-17 15:00:00+02:00,-5.359812142427409,11.676684125683597,-0.00034078135585670187
2025-10-17 16:00:00+02:00,-5.306851223754155,11.83944115643325,-0.006499100566565048
2025-10-17 17:00:00+02:00,-7.081379299108752,11.356610778702432,0.0003432376601610037
2025-10-20 09:00:00+02:00,-4.4244177600993915,11.56098202678591,-0.002715545579214714
2025-10-20 10:00:00+02:00,-5.502507091048316,11.44759729881174,-0.003065924867677889
2025-10-20 11:00:00+02:00,-6.150913439411036,11.42960907129592,0.0006823766258676877
2025-10-20 12:00:00+02:00,-5.776180310291846,10.867730001943455,0.0027238669894698465
2025-10-20 13:00:00+02:00,-5.906773937951898,11.37023223055332,0.0006798252373248234
2025-10-20 14:00:00+02:00,-6.141556573299607,11.200103346511339,-0.0013601129514239508
2025-10-20 15:00:00+02:00,-5.937022604157323,11.47530666806372,-0.003065924867677889
2025-10-20 16:00:00+02:00,-5.5717080144743845,11.489646602563958,0.0027247947594753125
2025-10-20 17:00:00+02:00,-6.223901419342021,11.509389219818974,0.00033997038895535126
2025-10-21 09:00:00+02:00,-5.621374221267877,11.955191694712907,-0.005791195658078541
2025-10-21 10:00:00+02:00,-5.707012677602392,11.687794319238998,-0.003422329848017347
2025-10-21 11:00:00+02:00,-6.073841880382841,11.318673017308308,-0.0006861220861073738
2025-10-21 12:00:00+02:00,-6.228475134164164,11.214559859604996,0.00034311988849215053
2025-10-21 13:00:00+02:00,-6.231326727918644,11.278265857694771,0.0034258472323124276
2025-10-21 14:00:00+02:00,-5.890778085494394,11.154420275725343,-0.005485095925382594
2025-10-21 15:00:00+02:00,-5.530762289331511,11.924034615463478,-0.0006880102773506774
2025-10-21 16:00:00+02:00,-5.2515787598415145,12.269465197796169,0.004462031329477628
2025-10-21 17:00:00+02:00,-6.535358938351606,11.458733235886802,0.002735977141819197
2025-10-22 09:00:00+02:00,-5.340514884077138,11.474797754272078,0.0017091490817121519
2025-10-22 10:00:00+02:00,-6.0046945065891535,11.466022518883971,-0.002737849861295766
2025-10-22 11:00:00+02:00,-4.750161620539325,11.949294748216976,0.008191164213531242
2025-10-22 12:00:00+02:00,-4.598352586004779,12.479627902746975,0.0013591886262545407
2025-10-22 13:00:00+02:00,-5.457567233972563,11.464659163560738,-0.0006795942346599239
2025-10-22 14:00:00+02:00,-5.78310874727214,12.537076385714354,-0.0010199112454537345
2025-10-22 15:00:00+02:00,-5.045931897712485,11.906655316859972,-0.00922611920806703
2025-10-22 16:00:00+02:00,-4.784151896201575,12.888871466033837,-0.007926960242666254
2025-10-22 17:00:00+02:00,-6.0110003028612455,12.139606935222595,-0.0038147680337544503
2025-10-23 09:00:00+02:00,-4.658862771374689,11.426681066504631,-0.00034561012048912795
2025-10-23 10:00:00+02:00,-5.824501510867804,11.189892515215522,0.0
2025-10-23 11:00:00+02:00,-5.658107889223467,11.194687960473033,0.0010356907239899263
2025-10-23 12:00:00+02:00,-5.514443084361484,11.490638955390988,0.0
2025-10-23 13:00:00+02:00,-6.036447738979983,10.861591787223693,-0.0024175351096974015
2025-10-23 14:00:00+02:00,-5.8122862818656555,11.04950809859923,0.0037964017608337836
2025-10-23 15:00:00+02:00,-5.609869921637731,11.567877557784074,0.0075497719883644765
2025-10-23 16:00:00+02:00,-5.616936424834167,11.587865947633748,-0.0010261908544741047
2025-10-23 17:00:00+02:00,-6.350358441579714,10.969852093654117,0.00034229776668450763
2025-10-24 09:00:00+02:00,-4.995774846986031,11.50254174021549,-0.0006790679563008549
2025-10-24 10:00:00+02:00,-5.508635194762729,11.18403243347241,-0.0013596506317443495
2025-10-24 11:00:00+02:00,-6.167998731653958,10.95750337119409,0.001698632579916133
2025-10-24 12:00:00+02:00,-6.195414013951367,10.754108456920264,-0.0016992746343836016
2025-10-24 13:00:00+02:00,-6.071789842740228,10.780829534271708,-0.0013614368346194993
2025-10-24 14:00:00+02:00,-5.720822890280746,11.57597537868134,0.0020407988298890836
2025-10-24 15:00:00+02:00,-5.83562833039733,11.735452826478488,0.0023748847097057125
2025-10-24 16:00:00+02:00,-5.895765094854408,11.317190347258853,0.0
2025-10-24 17:00:00+02:00,-6.422003666235294,10.896794879558815,0.0010161113851090916
2025-10-27 09:00:00+01:00,-4.99469568689828,12.015692707018056,0.0023549108923503737
2025-10-27 10:00:00+01:00,-5.833007911016992,11.200609111560087,0.0010071775050015184
2025-10-27 11:00:00+01:00,-5.9350205623839045,11.163197761546567,-0.0006713175962304912
2025-10-27 12:00:00+01:00,-6.220875825289245,10.496317036581207,-0.0003358599087710569
2025-10-27 13:00:00+01:00,-6.265403236972198,11.158647645631218,-0.002353391654078039
2025-10-27 14:00:00+01:00,-5.829111964177696,11.756436190076606,-0.0020215460810786004
2025-10-27 15:00:00+01:00,-5.9652026967181175,11.283285859912317,0.0010109751982447593
2025-10-27 16:00:00+01:00,-6.428524630726797,11.783830079682698,0.0
2025-10-27 17:00:00+01:00,-6.797934160090053,10.929564990020989,0.0003365871622043064
2025-10-28 09:00:00+01:00,-5.039621210040099,11.743338529231437,-0.0006733518955921748
2025-10-28 10:00:00+01:00,-5.992048535348159,11.327775913165228,-0.002360469590474859
2025-10-28 11:00:00+01:00,-6.057889097228862,11.455815285261114,0.0013494943922299696
2025-10-28 12:00:00+01:00,-6.522012726321266,10.916741642416737,-0.0006747793162759828
2025-10-28 13:00:00+01:00,-6.231845137371097,10.681067789070903,-0.0006747793162759828
2025-10-28 14:00:00+01:00,-5.583241317140103,11.915098493459203,0.0030328634840386904
2025-10-28 15:00:00+01:00,-6.04049148827086,11.510923462299555,0.0003365380866840834
2025-10-28 16:00:00+01:00,-5.984689449988579,11.684632553754081,-0.00033642486690190144
2025-10-28 17:00:00+01:00,-6.452027139709178,11.01369897704759,0.001008596043172048
2025-10-29 09:00:00+01:00,-5.45480593729273,11.47937902264955,-0.0020208651805209738
2025-10-29 10:00:00+01:00,-6.051239387818289,11.384614706802191,0.003029800426420939
2025-10-29 11:00:00+01:00,-5.996857424526687,11.822569596172771,0.0023501671110239025
2025-10-29 12:00:00+01:00,-5.869483483313817,10.866031900927718,-0.0010065016447651518
2025-10-29 13:00:00+01:00,-6.476382710060392,10.328755287940472,-0.0023526007121586444
2025-10-29 14:00:00+01:00,-5.879216372210361,11.709798960183994,0.0016809936586228112
2025-10-29 15:00:00+01:00,-5.9772997916547155,11.434401603265961,0.0013431502535504545
2025-10-29 16:00:00+01:00,-5.89817630239127,11.730807197162735,-0.0006716070535356949
2025-10-29 17:00:00+01:00,-6.408949345396181,10.682995898744117,0.0006720584127230636
2025-10-30 09:00:00+01:00,-5.005156479278501,11.98471499853907,0.004671389734419845
2025-10-30 10:00:00+01:00,-5.8416698592760925,11.4840732130632,-0.002333776769861171
2025-10-30 11:00:00+01:00,-5.412309572312364,13.036171301059884,-0.0030075262396545063
2025-10-30 12:00:00+01:00,-5.419398366103731,11.041480797928088,0.0020060646512555826
2025-10-30 13:00:00+01:00,-5.794737350414852,12.094442516858752,-0.0016714409531567618
2025-10-30 14:00:00+01:00,-5.036003139923219,12.02519804139513,-0.00033462369809873885
2025-10-30 15:00:00+01:00,-5.37868639013617,12.152234009243472,0.0020060646512555826
2025-10-30 16:00:00+01:00,-5.514692811298304,12.226786622127278,-0.0006682411728701293
2025-10-30 17:00:00+01:00,-6.68467078497727,10.772267301739232,0.0
2025-10-31 09:00:00+01:00,-5.4977652796424,11.435731196638752,0.00467294898463573
2025-10-31 10:00:00+01:00,-5.519176044570679,11.568568286435614,-0.005009181129724301
2025-10-31 11:00:00+01:00,-5.830310724955685,11.981997410333292,-0.00033462369809873885
2025-10-31 12:00:00+01:00,-5.748199956537379,11.21961424522243,0.004341334901305694
2025-10-31 13:00:00+01:00,-6.020262390188115,11.452102698524444,-0.004005373815483243
2025-10-31 14:00:00+01:00,-5.9826929282151795,11.680928330167994,-0.0006684645206360212
2025-10-31 15:00:00+01:00,-5.96424480676797,11.337035183121875,0.00033428811591885207
2025-10-31 16:00:00+01:00,-6.007556351028642,11.574048785944976,-0.003011551611829661
2025-10-31 17:00:00+01:00,-6.802612812646328,10.06951033636058,0.0013400643551824184
2025-11-03 09:00:00+01:00,-5.266793578819157,11.15146767285506,-0.00033507216907108407
2025-11-03 10:00:00+01:00,-5.526886138910589,13.057238017443867,-0.002349378313219414
2025-11-03 11:00:00+01:00,-5.7485379394704434,11.431292326565295,0.0023501671110239025
2025-11-03 12:00:00+01:00,-5.703850574314689,10.985801068234736,-0.0020134055646705874
2025-11-03 13:00:00+01:00,-5.9513345251827605,10.54046112829013,-0.0013445687917210205
2025-11-03 14:00:00+01:00,-6.151710723216451,11.719337827288744,-0.0010092746768601043
2025-11-03 15:00:00+01:00,-5.825841048193092,11.96159692276329,-0.0006727365901760751
2025-11-03 16:00:00+01:00,-6.010610574189111,11.921625335588322,-0.0006729629535860023
2025-11-03 17:00:00+01:00,-6.753736122358143,10.681320491262715,0.0
2025-11-04 09:00:00+01:00,-4.010191481070566,11.858286649008688,-0.004455848329274555
2025-11-04 10:00:00+01:00,-5.807448532142547,12.403820437103986,-0.005164464069004872
2025-11-04 11:00:00+01:00,-5.829505894194135,12.374531896330978,0.004822651382370216
2025-11-04 12:00:00+01:00,-4.572298166458466,12.219891720755554,-0.0027519770351059547
2025-11-04 13:00:00+01:00,-5.822904926229092,11.863540082169566,0.0017214408427045091
2025-11-04 14:00:00+01:00,-6.365505321525672,11.070178962014833,0.0010314832135505537
2025-11-04 15:00:00+01:00,-5.448086571515808,12.129218598669954,0.004457376176034233
2025-11-04 16:00:00+01:00,-5.64613514249688,11.802755229479468,-0.004458905070908482
2025-11-04 17:00:00+01:00,-5.990080813490278,10.912831373446055,-0.00034359143823489165
2025-11-05 09:00:00+01:00,-4.991587985045461,11.586333906795366,0.0003446572070480421
2025-11-05 10:00:00+01:00,-5.47807842829635,11.472572110621012,-0.0037990241043272597
2025-11-05 11:00:00+01:00,-5.9831185460823875,10.964847855501349,-0.0024250729147697703
2025-11-05 12:00:00+01:00,-5.483310698120284,11.894555426092627,0.00034692902162387505
2025-11-05 13:00:00+01:00,-5.131131399813493,12.436545273428196,-0.0003469290216239583
2025-11-05 14:00:00+01:00,-5.571746331833539,11.644199311253532,0.0
2025-11-05 15:00:00+01:00,-6.052688349683311,12.11337056168487,0.0020797049829487622
2025-11-05 16:00:00+01:00,-5.64270924486414,12.69695369192555,0.0006920573988210612
2025-11-05 17:00:00+01:00,-7.16423527919043,12.001045251200582,-0.0003459688314812841
2025-11-06 09:00:00+01:00,-4.075345300125225,12.620596598126685,-0.008082965914272723
2025-11-06 10:00:00+01:00,-5.7307260273177745,11.658989248100532,0.004223833542250237
2025-11-06 11:00:00+01:00,-5.998758515757586,11.53750099753627,0.0014040337809719335
2025-11-06 12:00:00+01:00,-6.326353800806365,11.070334647654704,0.0
2025-11-06 13:00:00+01:00,-6.074145922555554,11.128394696471394,-0.0007015243221097971
2025-11-06 14:00:00+01:00,-5.837221096948025,11.27981995773528,-0.0007017704766488826
2025-11-06 15:00:00+01:00,-5.670795652100957,12.76603694415726,-0.0038671382885474737
2025-11-06 16:00:00+01:00,-5.3174973109771075,12.003013544541401,-0.006714943987399304
2025-11-06 17:00:00+01:00,-6.400237531253397,11.735196635871276,0.00212538035686825
2025-11-07 09:00:00+01:00,-4.903993560945657,11.617267462114127,-0.004576637525010969
2025-11-07 10:00:00+01:00,-5.860784213390144,11.24027649375218,-0.0017658219710222503
2025-11-07 11:00:00+01:00,-6.140930616670829,11.13087410327108,-0.0010610323201739207
2025-11-07 12:00:00+01:00,-5.8575832546301925,11.453302840986256,-0.0007082315425559207
2025-11-07 13:00:00+01:00,-6.111855826053723,11.371212119846604,-0.002482700178656485
2025-11-07 14:00:00+01:00,-6.026293717680742,10.938005665774932,-0.0035574702296247815
2025-11-07 15:00:00+01:00,-5.043710125788589,11.701071692055445,0.0003561969387536363
2025-11-07 16:00:00+01:00,-5.641919384736324,11.596862119842783,0.00035607010766987226
2025-11-07 17:00:00+01:00,-6.657497223108033,11.068230843670063,-0.00035607010766991633
2025-11-10 09:00:00+01:00,-4.169052600330925,11.703190389518493,-0.000350577696184236
2025-11-10 10:00:00+01:00,-5.926526312885778,12.020880973894247,0.001752207819181781
2025-11-10 11:00:00+01:00,-6.290114479256096,10.92383194650686,-0.0010505614335616724
2025-11-10 12:00:00+01:00,-6.1500107764002445,11.125216774451276,-0.0003504548345344796
2025-11-10 13:00:00+01:00,-6.239429351759108,11.377208829297503,-0.0007010325307188359
2025-11-10 14:00:00+01:00,-6.239316586316948,11.491906097746153,0.0007007200861968952
2025-11-10 15:00:00+01:00,-5.971960418755699,11.621752963690746,-0.0017528221044909684
2025-11-10 16:00:00+01:00,-5.8692228292508775,12.146757790594494,-0.0010532101028713193
2025-11-10 17:00:00+01:00,-6.914628556599564,11.384978450639606,-0.0003511932988787562
2025-11-11 09:00:00+01:00,-5.816727707664032,11.743759369568444,0.0010521020182941907
2025-11-11 10:00:00+01:00,-6.290047370024182,11.782074354040846,-0.001403048816842584
2025-11-11 11:00:00+01:00,-6.3865205067147786,11.400115045340366,0.0003509467985485227
2025-11-11 12:00:00+01:00,-6.4576412063842,11.006174860357376,-0.00035082367810052305
2025-11-11 13:00:00+01:00,-5.824744621065731,10.680792041102796,0.0017528221044908676
2025-11-11 14:00:00+01:00,-6.290450346374504,11.530126672290002,-0.0003502093927912712
2025-11-11 15:00:00+01:00,-6.273473942651473,11.926590197421346,0.0007004746444536529
2025-11-11 16:00:00+01:00,-6.164478681651799,12.37228599225684,-0.0017528221044909684
2025-11-11 17:00:00+01:00,-5.886292850771731,11.764088770721589,0.0038494782002314785
2025-11-12 09:00:00+01:00,-6.103992474616556,11.620200147441272,-0.0003488654804314761
2025-11-12 10:00:00+01:00,-5.8043709486300585,11.564445233710527,0.0055691007132823035
2025-11-12 11:00:00+01:00,-6.335930318546468,11.461990001290475,-0.0010421671763441915
2025-11-12 12:00:00+01:00,-6.335003574723606,10.7446020495594,-0.0013913364167030986
2025-11-12 13:00:00+01:00,-6.158847446036072,12.447433254062936,0.0010436837532857336
2025-11-12 14:00:00+01:00,-5.900622660410737,11.570920750757367,0.0
2025-11-12 15:00:00+01:00,-6.355007574808832,12.027466179233691,0.0006949429496670766
2025-11-12 16:00:00+01:00,-5.511350225892585,12.42707390377235,-0.0020870050458943815
2025-11-12 17:00:00+01:00,-7.0672093750765095,11.15159685235015,0.0
2025-11-13 09:00:00+01:00,-5.683348485577041,11.076031607358404,-0.003145211514958959
2025-11-13 10:00:00+01:00,-6.388395008638718,11.674619053968216,-0.0003502652516623269
2025-11-13 11:00:00+01:00,-6.411784984092468,11.657164327488378,0.0017509805393351506
2025-11-13 12:00:00+01:00,-6.193348819974159,11.707595464945046,-0.002101558235519366
2025-11-13 13:00:00+01:00,-6.124035367599814,11.150893339783535,0.001751593964280485
2025-11-13 14:00:00+01:00,-6.2546922154547735,11.586491861927145,-0.0024539782958305995
2025-11-13 15:00:00+01:00,-5.0871714214762385,12.084932731858066,-0.01058955317056144
2025-11-13 16:00:00+01:00,-5.169480524177521,12.694127982852375,-0.0035524150835229786
2025-11-13 17:00:00+01:00,-6.256673349882389,11.787005447003724,0.0003558167162743287
2025-11-14 09:00:00+01:00,-4.721383681106805,11.908313300835173,0.004672035871526707
2025-11-14 10:00:00+01:00,-5.887946078465662,11.47748479843021,0.002505807509941558
2025-11-14 11:00:00+01:00,-6.055696656738248,10.942951212906582,-0.0007155116781650257
2025-11-14 12:00:00+01:00,-5.99662859291744,12.027215082177381,-0.006105246999909864
2025-11-14 13:00:00+01:00,-5.848417023329733,11.916722515977696,-0.003608823163568752
2025-11-14 14:00:00+01:00,-5.548821570749186,11.642303243269758,0.0032496924637479105
2025-11-14 15:00:00+01:00,-5.370095424131257,12.21632491099452,0.009689667055403244
2025-11-14 16:00:00+01:00,-5.716745547351844,11.97011610737015,0.002852049104809471
2025-11-14 17:00:00+01:00,-5.944896705953456,10.937472427226925,-0.0007122670464235068
2025-11-17 09:00:00+01:00,-5.25085464764415,11.407209330531982,0.0010670027525239473
2025-11-17 10:00:00+01:00,-5.618509479792766,12.324077878721079,-0.002490650494585845
2025-11-17 11:00:00+01:00,-6.012893212118198,11.62688787800082,-0.002140545466408825
2025-11-17 12:00:00+01:00,-6.03513846332474,11.24738315586432,0.0014280943234134342
2025-11-17 13:00:00+01:00,-6.370093529296571,11.021918808236205,-0.0003568324276097865
2025-11-17 14:00:00+01:00,-6.237348035992182,11.076480395251759,0.00035670514364619923
2025-11-17 15:00:00+01:00,-5.422870245299402,12.179851865887091,0.006750799750723063
2025-11-17 16:00:00+01:00,-5.590918663972382,12.086089065450919,-0.0007087334899898287
2025-11-17 17:00:00+01:00,-6.624448952382213,11.31264358279928,-0.0024835810584159573
2025-11-18 09:00:00+01:00,-3.2231768041484834,13.166728527528761,-0.005544261924230255
2025-11-18 10:00:00+01:00,-4.946645248048637,12.273764003749394,0.00959063906606313
2025-11-18 11:00:00+01:00,-5.5867871382209175,11.689363078605208,0.0003671830042318827
2025-11-18 12:00:00+01:00,-5.526178535868027,11.572843955181472,-0.0018371945928231076
2025-11-18 13:00:00+01:00,-5.489464147544707,11.463493594951633,-0.00036772306512423947
2025-11-18 14:00:00+01:00,-5.660117824435743,12.229286115948435,0.0007347707262319005
2025-11-18 15:00:00+01:00,-4.92185916517248,11.67144942519412,-0.00478731026791628
2025-11-18 16:00:00+01:00,-5.117893314125611,12.63962621980195,-0.003698243179964285
2025-11-18 17:00:00+01:00,-5.72892706121996,10.96237099897524,0.0014815156608817403
2025-11-19 09:00:00+01:00,-5.330442067918438,12.044876370351167,-0.0011117543122943668
2025-11-19 10:00:00+01:00,-5.871222431511948,12.032706865778723,0.004806852211632342
2025-11-19 11:00:00+01:00,-6.074710331034625,11.889133392011274,0.0025787339264872434
2025-11-19 12:00:00+01:00,-5.736536518006365,11.4887659602526,0.003305793692892255
2025-11-19 13:00:00+01:00,-6.226685658230598,10.952909597013466,-0.0011007407649489295
2025-11-19 14:00:00+01:00,-6.2997649446707,11.474725031154925,0.001467923769180774
2025-11-19 15:00:00+01:00,-5.616209540251718,12.16269008388753,0.005118818771037055
2025-11-19 16:00:00+01:00,-6.021908246953518,12.214214411221796,-0.004754046602274066
2025-11-19 17:00:00+01:00,-6.465544465360008,11.338000485926493,-0.000733423480912168
2025-11-20 09:00:00+01:00,-3.927872027409654,12.449014902564246,0.007186547763735623
2025-11-20 10:00:00+01:00,-5.671802476336133,12.133442811161567,-0.006103055140445676
2025-11-20 11:00:00+01:00,-5.343876320202654,12.151061923747685,0.007533635074130708
2025-11-20 12:00:00+01:00,-5.931322207189083,11.556406321581765,-0.00393908127066101
2025-11-20 13:00:00+01:00,-6.103117965962861,11.1662857139132,0.004294954384509497
2025-11-20 14:00:00+01:00,-5.778037145252386,12.017010421397726,0.0014280943234134342
2025-11-20 15:00:00+01:00,-5.6767477478524775,12.337684071197158,0.001425989828331938
2025-11-20 16:00:00+01:00,-5.945818259733947,12.320436509140901,-0.0017821867670856065
2025-11-20 17:00:00+01:00,-5.623315086513989,11.266116585728028,-0.006442409602913762
2025-11-21 09:00:00+01:00,-3.872864795534281,12.835057234282262,0.00916596714227757
2025-11-21 10:00:00+01:00,-5.6459455473082345,12.403524985820521,-0.0065934418428183605
2025-11-21 11:00:00+01:00,-5.153724691485395,11.994548822928007,0.003667051534624683
2025-11-21 12:00:00+01:00,-5.705019289229294,12.11957749890708,-0.0003658397285317189
2025-11-21 13:00:00+01:00,-5.375421783776814,11.72131267504246,0.004743638234059945
2025-11-21 14:00:00+01:00,-5.662494307570727,11.499323374551944,0.000363975585095665
2025-11-21 15:00:00+01:00,-6.819510961183478,8.310169021981912,-0.0007282793616597753
