Datetime,close
,nesn.sw
2025-08-12 09:00:00+02:00,72.2300033569336
2025-08-12 09:15:00+02:00,72.13999938964844
2025-08-12 09:30:00+02:00,71.95999908447266
2025-08-12 09:45:00+02:00,71.95999908447266
2025-08-12 10:00:00+02:00,71.91999816894531
2025-08-12 10:15:00+02:00,71.94000244140625
2025-08-12 10:30:00+02:00,71.9000015258789
2025-08-12 10:45:00+02:00,71.93000030517578
2025-08-12 11:00:00+02:00,71.93000030517578
2025-08-12 11:15:00+02:00,71.94000244140625
2025-08-12 11:30:00+02:00,71.93000030517578
2025-08-12 11:45:00+02:00,71.98999786376953
2025-08-12 12:00:00+02:00,71.9000015258789
2025-08-12 12:15:00+02:00,71.91000366210938
2025-08-12 12:30:00+02:00,72.01000213623047
2025-08-12 12:45:00+02:00,72.01000213623047
2025-08-12 13:00:00+02:00,71.87000274658203
2025-08-12 13:15:00+02:00,71.87000274658203
2025-08-12 13:30:00+02:00,71.91000366210938
2025-08-12 13:45:00+02:00,71.94000244140625
2025-08-12 14:00:00+02:00,71.91999816894531
2025-08-12 14:15:00+02:00,71.91000366210938
2025-08-12 14:30:00+02:00,71.88999938964844
2025-08-12 14:45:00+02:00,71.8499984741211
2025-08-12 15:00:00+02:00,71.70999908447266
2025-08-12 15:15:00+02:00,71.66000366210938
2025-08-12 15:30:00+02:00,71.5
2025-08-12 15:45:00+02:00,71.58999633789062
2025-08-12 16:00:00+02:00,71.52999877929688
2025-08-12 16:15:00+02:00,71.4800033569336
2025-08-12 16:30:00+02:00,71.52999877929688
2025-08-12 16:45:00+02:00,71.56999969482422
2025-08-12 17:00:00+02:00,71.58000183105469
2025-08-12 17:15:00+02:00,71.58999633789062
2025-08-13 09:00:00+02:00,71.9800033569336
2025-08-13 09:15:00+02:00,71.94999694824219
2025-08-13 09:30:00+02:00,71.80999755859375
2025-08-13 09:45:00+02:00,71.94999694824219
2025-08-13 10:00:00+02:00,71.88999938964844
2025-08-13 10:15:00+02:00,71.91000366210938
2025-08-13 10:30:00+02:00,71.9000015258789
2025-08-13 10:45:00+02:00,71.94999694824219
2025-08-13 11:00:00+02:00,71.83000183105469
2025-08-13 11:15:00+02:00,71.79000091552734
2025-08-13 11:30:00+02:00,71.7699966430664
2025-08-13 11:45:00+02:00,71.80000305175781
2025-08-13 12:00:00+02:00,71.75
2025-08-13 12:15:00+02:00,71.72000122070312
2025-08-13 12:30:00+02:00,71.70999908447266
2025-08-13 12:45:00+02:00,71.66999816894531
2025-08-13 13:00:00+02:00,71.66000366210938
2025-08-13 13:15:00+02:00,71.72000122070312
2025-08-13 13:30:00+02:00,71.81999969482422
2025-08-13 13:45:00+02:00,71.8499984741211
2025-08-13 14:00:00+02:00,71.91999816894531
2025-08-13 14:15:00+02:00,71.9000015258789
2025-08-13 14:30:00+02:00,71.93000030517578
2025-08-13 14:45:00+02:00,71.93000030517578
2025-08-13 15:00:00+02:00,71.91000366210938
2025-08-13 15:15:00+02:00,71.81999969482422
2025-08-13 15:30:00+02:00,71.88999938964844
2025-08-13 15:45:00+02:00,71.9800033569336
2025-08-13 16:00:00+02:00,72.1500015258789
2025-08-13 16:15:00+02:00,72.12999725341797
2025-08-13 16:30:00+02:00,72.13999938964844
2025-08-13 16:45:00+02:00,72.2300033569336
2025-08-13 17:00:00+02:00,72.41999816894531
2025-08-13 17:15:00+02:00,72.4000015258789
2025-08-14 09:00:00+02:00,72.12999725341797
2025-08-14 09:15:00+02:00,72.30000305175781
2025-08-14 09:30:00+02:00,72.19999694824219
2025-08-14 09:45:00+02:00,72.22000122070312
2025-08-14 10:00:00+02:00,72.06999969482422
2025-08-14 10:15:00+02:00,71.98999786376953
2025-08-14 10:30:00+02:00,72.06999969482422
2025-08-14 10:45:00+02:00,72.1500015258789
2025-08-14 11:00:00+02:00,72.13999938964844
2025-08-14 11:15:00+02:00,72.19000244140625
2025-08-14 11:30:00+02:00,72.26000213623047
2025-08-14 11:45:00+02:00,72.30999755859375
2025-08-14 12:00:00+02:00,72.33000183105469
2025-08-14 12:15:00+02:00,72.43000030517578
2025-08-14 12:30:00+02:00,72.36000061035156
2025-08-14 12:45:00+02:00,72.30999755859375
2025-08-14 13:00:00+02:00,72.27999877929688
2025-08-14 13:15:00+02:00,72.27999877929688
2025-08-14 13:30:00+02:00,72.1500015258789
2025-08-14 13:45:00+02:00,72.20999908447266
2025-08-14 14:00:00+02:00,72.16999816894531
2025-08-14 14:15:00+02:00,72.22000122070312
2025-08-14 14:30:00+02:00,72.12999725341797
2025-08-14 14:45:00+02:00,71.94999694824219
2025-08-14 15:00:00+02:00,71.91000366210938
2025-08-14 15:15:00+02:00,71.88999938964844
2025-08-14 15:30:00+02:00,71.83999633789062
2025-08-14 15:45:00+02:00,71.9000015258789
2025-08-14 16:00:00+02:00,72.0
2025-08-14 16:15:00+02:00,71.95999908447266
2025-08-14 16:30:00+02:00,72.02999877929688
2025-08-14 16:45:00+02:00,71.9800033569336
2025-08-14 17:00:00+02:00,72.01000213623047
2025-08-14 17:15:00+02:00,72.02999877929688
2025-08-15 09:00:00+02:00,72.3499984741211
2025-08-15 09:15:00+02:00,72.38999938964844
2025-08-15 09:30:00+02:00,72.44000244140625
2025-08-15 09:45:00+02:00,72.58000183105469
2025-08-15 10:00:00+02:00,72.52999877929688
2025-08-15 10:15:00+02:00,72.58000183105469
2025-08-15 10:30:00+02:00,72.55999755859375
2025-08-15 10:45:00+02:00,72.51000213623047
2025-08-15 11:00:00+02:00,72.54000091552734
2025-08-15 11:15:00+02:00,72.5199966430664
2025-08-15 11:30:00+02:00,72.37000274658203
2025-08-15 11:45:00+02:00,72.44000244140625
2025-08-15 12:00:00+02:00,72.38999938964844
2025-08-15 12:15:00+02:00,72.45999908447266
2025-08-15 12:30:00+02:00,72.47000122070312
2025-08-15 12:45:00+02:00,72.47000122070312
2025-08-15 13:00:00+02:00,72.45999908447266
2025-08-15 13:15:00+02:00,72.44999694824219
2025-08-15 13:30:00+02:00,72.44000244140625
2025-08-15 13:45:00+02:00,72.36000061035156
2025-08-15 14:00:00+02:00,72.33999633789062
2025-08-15 14:15:00+02:00,72.33000183105469
2025-08-15 14:30:00+02:00,72.33999633789062
2025-08-15 14:45:00+02:00,72.31999969482422
2025-08-15 15:00:00+02:00,72.37999725341797
2025-08-15 15:15:00+02:00,72.33999633789062
2025-08-15 15:30:00+02:00,72.37000274658203
2025-08-15 15:45:00+02:00,72.43000030517578
2025-08-15 16:00:00+02:00,72.38999938964844
2025-08-15 16:15:00+02:00,72.41000366210938
2025-08-15 16:30:00+02:00,72.43000030517578
2025-08-15 16:45:00+02:00,72.51000213623047
2025-08-15 17:00:00+02:00,72.43000030517578
2025-08-15 17:15:00+02:00,72.41000366210938
2025-08-18 09:00:00+02:00,72.30000305175781
2025-08-18 09:15:00+02:00,72.19999694824219
2025-08-18 09:30:00+02:00,72.19999694824219
2025-08-18 09:45:00+02:00,72.18000030517578
2025-08-18 10:00:00+02:00,72.20999908447266
2025-08-18 10:15:00+02:00,72.2300033569336
2025-08-18 10:30:00+02:00,72.37000274658203
2025-08-18 10:45:00+02:00,72.38999938964844
2025-08-18 11:00:00+02:00,72.33000183105469
2025-08-18 11:15:00+02:00,72.30999755859375
2025-08-18 11:30:00+02:00,72.27999877929688
2025-08-18 11:45:00+02:00,72.22000122070312
2025-08-18 12:00:00+02:00,72.2300033569336
2025-08-18 12:15:00+02:00,72.19000244140625
2025-08-18 12:30:00+02:00,72.25
2025-08-18 12:45:00+02:00,72.19000244140625
2025-08-18 13:00:00+02:00,72.12000274658203
2025-08-18 13:15:00+02:00,72.08000183105469
2025-08-18 13:30:00+02:00,72.05999755859375
2025-08-18 13:45:00+02:00,72.12999725341797
2025-08-18 14:00:00+02:00,72.16000366210938
2025-08-18 14:15:00+02:00,72.04000091552734
2025-08-18 14:30:00+02:00,71.9800033569336
2025-08-18 14:45:00+02:00,72.02999877929688
2025-08-18 15:00:00+02:00,72.08000183105469
2025-08-18 15:15:00+02:00,72.08999633789062
2025-08-18 15:30:00+02:00,72.12000274658203
2025-08-18 15:45:00+02:00,72.19999694824219
2025-08-18 16:00:00+02:00,72.19000244140625
2025-08-18 16:15:00+02:00,72.06999969482422
2025-08-18 16:30:00+02:00,72.08000183105469
2025-08-18 16:45:00+02:00,72.0999984741211
2025-08-18 17:00:00+02:00,72.05999755859375
2025-08-18 17:15:00+02:00,72.13999938964844
2025-08-19 09:00:00+02:00,72.29000091552734
2025-08-19 09:15:00+02:00,72.33000183105469
2025-08-19 09:30:00+02:00,72.41999816894531
2025-08-19 09:45:00+02:00,72.44000244140625
2025-08-19 10:00:00+02:00,72.5999984741211
2025-08-19 10:15:00+02:00,72.73999786376953
2025-08-19 10:30:00+02:00,72.87999725341797
2025-08-19 10:45:00+02:00,72.91999816894531
2025-08-19 11:00:00+02:00,73.02999877929688
2025-08-19 11:15:00+02:00,73.08999633789062
2025-08-19 11:30:00+02:00,73.05999755859375
2025-08-19 11:45:00+02:00,73.12999725341797
2025-08-19 12:00:00+02:00,73.11000061035156
2025-08-19 12:15:00+02:00,73.0199966430664
2025-08-19 12:30:00+02:00,72.9800033569336
2025-08-19 12:45:00+02:00,72.91000366210938
2025-08-19 13:00:00+02:00,73.0
2025-08-19 13:15:00+02:00,73.18000030517578
2025-08-19 13:30:00+02:00,73.16999816894531
2025-08-19 13:45:00+02:00,73.19999694824219
2025-08-19 14:00:00+02:00,73.19000244140625
2025-08-19 14:15:00+02:00,73.22000122070312
2025-08-19 14:30:00+02:00,73.23999786376953
2025-08-19 14:45:00+02:00,73.19000244140625
2025-08-19 15:00:00+02:00,73.08000183105469
2025-08-19 15:15:00+02:00,73.01000213623047
2025-08-19 15:30:00+02:00,73.27999877929688
2025-08-19 15:45:00+02:00,73.2300033569336
2025-08-19 16:00:00+02:00,73.2300033569336
2025-08-19 16:15:00+02:00,73.33000183105469
2025-08-19 16:30:00+02:00,73.41999816894531
2025-08-19 16:45:00+02:00,73.33999633789062
2025-08-19 17:00:00+02:00,73.48999786376953
2025-08-19 17:15:00+02:00,73.54000091552734
2025-08-20 09:00:00+02:00,74.01000213623047
2025-08-20 09:15:00+02:00,74.19999694824219
2025-08-20 09:30:00+02:00,74.29000091552734
2025-08-20 09:45:00+02:00,74.30999755859375
2025-08-20 10:00:00+02:00,74.47000122070312
2025-08-20 10:15:00+02:00,74.45999908447266
2025-08-20 10:30:00+02:00,74.55000305175781
2025-08-20 10:45:00+02:00,74.75
2025-08-20 11:00:00+02:00,74.79000091552734
2025-08-20 11:15:00+02:00,74.80000305175781
2025-08-20 11:30:00+02:00,74.75
2025-08-20 11:45:00+02:00,74.75
2025-08-20 12:00:00+02:00,74.9000015258789
2025-08-20 12:15:00+02:00,74.9000015258789
2025-08-20 12:30:00+02:00,75.0
2025-08-20 12:45:00+02:00,75.12000274658203
2025-08-20 13:00:00+02:00,75.06999969482422
2025-08-20 13:15:00+02:00,75.18000030517578
2025-08-20 13:30:00+02:00,75.27999877929688
2025-08-20 13:45:00+02:00,75.2699966430664
2025-08-20 14:00:00+02:00,75.31999969482422
2025-08-20 14:15:00+02:00,75.26000213623047
2025-08-20 14:30:00+02:00,75.26000213623047
2025-08-20 14:45:00+02:00,75.30000305175781
2025-08-20 15:00:00+02:00,75.41000366210938
2025-08-20 15:15:00+02:00,75.45999908447266
2025-08-20 15:30:00+02:00,75.58999633789062
2025-08-20 15:45:00+02:00,75.88999938964844
2025-08-20 16:00:00+02:00,76.0
2025-08-20 16:15:00+02:00,75.8499984741211
2025-08-20 16:30:00+02:00,75.94000244140625
2025-08-20 16:45:00+02:00,76.12000274658203
2025-08-20 17:00:00+02:00,76.0
2025-08-20 17:15:00+02:00,76.0999984741211
2025-08-21 09:00:00+02:00,75.83999633789062
2025-08-21 09:15:00+02:00,75.93000030517578
2025-08-21 09:30:00+02:00,75.91000366210938
2025-08-21 09:45:00+02:00,75.81999969482422
2025-08-21 10:00:00+02:00,75.83000183105469
2025-08-21 10:15:00+02:00,75.8499984741211
2025-08-21 10:30:00+02:00,75.75
2025-08-21 10:45:00+02:00,75.5999984741211
2025-08-21 11:00:00+02:00,75.70999908447266
2025-08-21 11:15:00+02:00,75.72000122070312
2025-08-21 11:30:00+02:00,75.69999694824219
2025-08-21 11:45:00+02:00,75.69000244140625
2025-08-21 12:00:00+02:00,75.72000122070312
2025-08-21 12:15:00+02:00,75.72000122070312
2025-08-21 12:30:00+02:00,75.69000244140625
2025-08-21 12:45:00+02:00,75.70999908447266
2025-08-21 13:00:00+02:00,75.70999908447266
2025-08-21 13:15:00+02:00,75.69000244140625
2025-08-21 13:30:00+02:00,75.6500015258789
2025-08-21 13:45:00+02:00,75.68000030517578
2025-08-21 14:00:00+02:00,75.77999877929688
2025-08-21 14:15:00+02:00,75.83999633789062
2025-08-21 14:30:00+02:00,75.9000015258789
2025-08-21 14:45:00+02:00,75.94000244140625
2025-08-21 15:00:00+02:00,75.94999694824219
2025-08-21 15:15:00+02:00,75.87999725341797
2025-08-21 15:30:00+02:00,75.88999938964844
2025-08-21 15:45:00+02:00,76.0199966430664
2025-08-21 16:00:00+02:00,75.93000030517578
2025-08-21 16:15:00+02:00,75.95999908447266
2025-08-21 16:30:00+02:00,75.91999816894531
2025-08-21 16:45:00+02:00,75.87000274658203
2025-08-21 17:00:00+02:00,75.87999725341797
2025-08-21 17:15:00+02:00,75.83000183105469
2025-08-22 09:00:00+02:00,75.93000030517578
2025-08-22 09:15:00+02:00,75.81999969482422
2025-08-22 09:30:00+02:00,75.88999938964844
2025-08-22 09:45:00+02:00,75.81999969482422
2025-08-22 10:00:00+02:00,75.79000091552734
2025-08-22 10:15:00+02:00,75.79000091552734
2025-08-22 10:30:00+02:00,75.8499984741211
2025-08-22 10:45:00+02:00,75.79000091552734
2025-08-22 11:00:00+02:00,75.68000030517578
2025-08-22 11:15:00+02:00,75.72000122070312
2025-08-22 11:30:00+02:00,75.75
2025-08-22 11:45:00+02:00,75.70999908447266
2025-08-22 12:00:00+02:00,75.73999786376953
2025-08-22 12:15:00+02:00,75.83999633789062
2025-08-22 12:30:00+02:00,75.80000305175781
2025-08-22 12:45:00+02:00,75.79000091552734
2025-08-22 13:00:00+02:00,75.75
2025-08-22 13:15:00+02:00,75.73999786376953
2025-08-22 13:30:00+02:00,75.69999694824219
2025-08-22 13:45:00+02:00,75.76000213623047
2025-08-22 14:00:00+02:00,75.63999938964844
2025-08-22 14:15:00+02:00,75.68000030517578
2025-08-22 14:30:00+02:00,75.73999786376953
2025-08-22 14:45:00+02:00,75.7300033569336
2025-08-22 15:00:00+02:00,75.77999877929688
2025-08-22 15:15:00+02:00,75.8499984741211
2025-08-22 15:30:00+02:00,75.83999633789062
2025-08-22 15:45:00+02:00,75.97000122070312
2025-08-22 16:00:00+02:00,75.80999755859375
2025-08-22 16:15:00+02:00,75.66999816894531
2025-08-22 16:30:00+02:00,75.55000305175781
2025-08-22 16:45:00+02:00,75.43000030517578
2025-08-22 17:00:00+02:00,75.30999755859375
2025-08-22 17:15:00+02:00,75.43000030517578
2025-08-25 09:00:00+02:00,75.11000061035156
2025-08-25 09:15:00+02:00,75.18000030517578
2025-08-25 09:30:00+02:00,75.23999786376953
2025-08-25 09:45:00+02:00,75.29000091552734
2025-08-25 10:00:00+02:00,75.20999908447266
2025-08-25 10:15:00+02:00,75.25
2025-08-25 10:30:00+02:00,75.30000305175781
2025-08-25 10:45:00+02:00,75.31999969482422
2025-08-25 11:00:00+02:00,75.23999786376953
2025-08-25 11:15:00+02:00,75.29000091552734
2025-08-25 11:30:00+02:00,75.25
2025-08-25 11:45:00+02:00,75.19999694824219
2025-08-25 12:00:00+02:00,75.16999816894531
2025-08-25 12:15:00+02:00,75.25
2025-08-25 12:30:00+02:00,75.25
2025-08-25 12:45:00+02:00,75.2300033569336
2025-08-25 13:00:00+02:00,75.18000030517578
2025-08-25 13:15:00+02:00,75.12999725341797
2025-08-25 13:30:00+02:00,75.13999938964844
2025-08-25 13:45:00+02:00,75.23999786376953
2025-08-25 14:00:00+02:00,75.20999908447266
2025-08-25 14:15:00+02:00,75.25
2025-08-25 14:30:00+02:00,75.2699966430664
2025-08-25 14:45:00+02:00,75.37000274658203
2025-08-25 15:00:00+02:00,75.48999786376953
2025-08-25 15:15:00+02:00,75.4800033569336
2025-08-25 15:30:00+02:00,75.45999908447266
2025-08-25 15:45:00+02:00,75.33000183105469
2025-08-25 16:00:00+02:00,75.12999725341797
2025-08-25 16:15:00+02:00,75.0999984741211
2025-08-25 16:30:00+02:00,74.91999816894531
2025-08-25 16:45:00+02:00,74.8499984741211
2025-08-25 17:00:00+02:00,74.8499984741211
2025-08-25 17:15:00+02:00,74.86000061035156
2025-08-26 09:00:00+02:00,74.54000091552734
2025-08-26 09:15:00+02:00,74.58999633789062
2025-08-26 09:30:00+02:00,74.73999786376953
2025-08-26 09:45:00+02:00,74.87999725341797
2025-08-26 10:00:00+02:00,74.93000030517578
2025-08-26 10:15:00+02:00,74.9800033569336
2025-08-26 10:30:00+02:00,75.12999725341797
2025-08-26 10:45:00+02:00,75.08000183105469
2025-08-26 11:00:00+02:00,75.12999725341797
2025-08-26 11:15:00+02:00,75.16999816894531
2025-08-26 11:30:00+02:00,75.23999786376953
2025-08-26 11:45:00+02:00,75.29000091552734
2025-08-26 12:00:00+02:00,75.27999877929688
2025-08-26 12:15:00+02:00,75.27999877929688
2025-08-26 12:30:00+02:00,75.29000091552734
2025-08-26 12:45:00+02:00,75.36000061035156
2025-08-26 13:00:00+02:00,75.4000015258789
2025-08-26 13:15:00+02:00,75.27999877929688
2025-08-26 13:30:00+02:00,75.22000122070312
2025-08-26 13:45:00+02:00,75.2300033569336
2025-08-26 14:00:00+02:00,75.33999633789062
2025-08-26 14:15:00+02:00,75.20999908447266
2025-08-26 14:30:00+02:00,75.16999816894531
2025-08-26 14:45:00+02:00,75.11000061035156
2025-08-26 15:00:00+02:00,75.12999725341797
2025-08-26 15:15:00+02:00,75.08999633789062
2025-08-26 15:30:00+02:00,74.9000015258789
2025-08-26 15:45:00+02:00,74.80000305175781
2025-08-26 16:00:00+02:00,74.56999969482422
2025-08-26 16:15:00+02:00,74.63999938964844
2025-08-26 16:30:00+02:00,74.55999755859375
2025-08-26 16:45:00+02:00,74.55000305175781
2025-08-26 17:00:00+02:00,74.5
2025-08-26 17:15:00+02:00,74.45999908447266
2025-08-27 09:00:00+02:00,74.61000061035156
2025-08-27 09:15:00+02:00,74.54000091552734
2025-08-27 09:30:00+02:00,74.81999969482422
2025-08-27 09:45:00+02:00,74.79000091552734
2025-08-27 10:00:00+02:00,74.76000213623047
2025-08-27 10:15:00+02:00,74.7300033569336
2025-08-27 10:30:00+02:00,74.5999984741211
2025-08-27 10:45:00+02:00,74.61000061035156
2025-08-27 11:00:00+02:00,74.66000366210938
2025-08-27 11:15:00+02:00,74.61000061035156
2025-08-27 11:30:00+02:00,74.58000183105469
2025-08-27 11:45:00+02:00,74.55000305175781
2025-08-27 12:00:00+02:00,74.55999755859375
2025-08-27 12:15:00+02:00,74.56999969482422
2025-08-27 12:30:00+02:00,74.58000183105469
2025-08-27 12:45:00+02:00,74.58000183105469
2025-08-27 13:00:00+02:00,74.51000213623047
2025-08-27 13:15:00+02:00,74.5199966430664
2025-08-27 13:30:00+02:00,74.44999694824219
2025-08-27 13:45:00+02:00,74.44999694824219
2025-08-27 14:00:00+02:00,74.45999908447266
2025-08-27 14:15:00+02:00,74.48999786376953
2025-08-27 14:30:00+02:00,74.43000030517578
2025-08-27 14:45:00+02:00,74.41999816894531
2025-08-27 15:00:00+02:00,74.44000244140625
2025-08-27 15:15:00+02:00,74.43000030517578
2025-08-27 15:30:00+02:00,74.54000091552734
2025-08-27 15:45:00+02:00,74.58000183105469
2025-08-27 16:00:00+02:00,74.51000213623047
2025-08-27 16:15:00+02:00,74.33000183105469
2025-08-27 16:30:00+02:00,74.27999877929688
2025-08-27 16:45:00+02:00,74.22000122070312
2025-08-27 17:00:00+02:00,74.37999725341797
2025-08-27 17:15:00+02:00,74.38999938964844
2025-08-28 09:00:00+02:00,74.47000122070312
2025-08-28 09:15:00+02:00,74.45999908447266
2025-08-28 09:30:00+02:00,74.5999984741211
2025-08-28 09:45:00+02:00,74.66999816894531
2025-08-28 10:00:00+02:00,74.6500015258789
2025-08-28 10:15:00+02:00,74.66999816894531
2025-08-28 10:30:00+02:00,74.86000061035156
2025-08-28 10:45:00+02:00,74.87999725341797
2025-08-28 11:00:00+02:00,74.69000244140625
2025-08-28 11:15:00+02:00,74.68000030517578
2025-08-28 11:30:00+02:00,74.69999694824219
2025-08-28 11:45:00+02:00,74.70999908447266
2025-08-28 12:00:00+02:00,74.72000122070312
2025-08-28 12:15:00+02:00,74.69000244140625
2025-08-28 12:30:00+02:00,74.75
2025-08-28 12:45:00+02:00,74.6500015258789
2025-08-28 13:00:00+02:00,74.5999984741211
2025-08-28 13:15:00+02:00,74.55999755859375
2025-08-28 13:30:00+02:00,74.6500015258789
2025-08-28 13:45:00+02:00,74.79000091552734
2025-08-28 14:00:00+02:00,74.91999816894531
2025-08-28 14:15:00+02:00,74.80999755859375
2025-08-28 14:30:00+02:00,74.7699966430664
2025-08-28 14:45:00+02:00,74.86000061035156
2025-08-28 15:00:00+02:00,74.98999786376953
2025-08-28 15:15:00+02:00,75.01000213623047
2025-08-28 15:30:00+02:00,74.7699966430664
2025-08-28 15:45:00+02:00,74.8499984741211
2025-08-28 16:00:00+02:00,74.80000305175781
2025-08-28 16:15:00+02:00,74.91999816894531
2025-08-28 16:30:00+02:00,74.76000213623047
2025-08-28 16:45:00+02:00,74.76000213623047
2025-08-28 17:00:00+02:00,74.7300033569336
2025-08-28 17:15:00+02:00,74.79000091552734
2025-08-29 09:00:00+02:00,74.83000183105469
2025-08-29 09:15:00+02:00,74.69000244140625
2025-08-29 09:30:00+02:00,74.76000213623047
2025-08-29 09:45:00+02:00,74.80000305175781
2025-08-29 10:00:00+02:00,74.83000183105469
2025-08-29 10:15:00+02:00,74.86000061035156
2025-08-29 10:30:00+02:00,74.77999877929688
2025-08-29 10:45:00+02:00,74.76000213623047
2025-08-29 11:00:00+02:00,74.69999694824219
2025-08-29 11:15:00+02:00,74.87999725341797
2025-08-29 11:30:00+02:00,74.94999694824219
2025-08-29 11:45:00+02:00,75.0999984741211
2025-08-29 12:00:00+02:00,75.0
2025-08-29 12:15:00+02:00,75.0
2025-08-29 12:30:00+02:00,75.0
2025-08-29 12:45:00+02:00,74.9800033569336
2025-08-29 13:00:00+02:00,75.12999725341797
2025-08-29 13:15:00+02:00,75.11000061035156
2025-08-29 13:30:00+02:00,75.30000305175781
2025-08-29 13:45:00+02:00,75.3499984741211
2025-08-29 14:00:00+02:00,75.41999816894531
2025-08-29 14:15:00+02:00,75.27999877929688
2025-08-29 14:30:00+02:00,75.3499984741211
2025-08-29 14:45:00+02:00,75.47000122070312
2025-08-29 15:00:00+02:00,75.44000244140625
2025-08-29 15:15:00+02:00,75.37999725341797
2025-08-29 15:30:00+02:00,75.56999969482422
2025-08-29 15:45:00+02:00,75.48999786376953
2025-08-29 16:00:00+02:00,75.66000366210938
2025-08-29 16:15:00+02:00,75.55000305175781
2025-08-29 16:30:00+02:00,75.54000091552734
2025-08-29 16:45:00+02:00,75.4800033569336
2025-08-29 17:00:00+02:00,75.55999755859375
2025-08-29 17:15:00+02:00,75.52999877929688
2025-09-01 09:00:00+02:00,75.6500015258789
2025-09-01 09:15:00+02:00,75.63999938964844
2025-09-01 09:30:00+02:00,75.81999969482422
2025-09-01 09:45:00+02:00,75.76000213623047
2025-09-01 10:00:00+02:00,75.87000274658203
2025-09-01 10:15:00+02:00,75.86000061035156
2025-09-01 10:30:00+02:00,75.81999969482422
2025-09-01 10:45:00+02:00,75.83999633789062
2025-09-01 11:00:00+02:00,75.75
2025-09-01 11:15:00+02:00,75.83000183105469
2025-09-01 11:30:00+02:00,75.83000183105469
2025-09-01 11:45:00+02:00,75.8499984741211
2025-09-01 12:00:00+02:00,75.91999816894531
2025-09-01 12:15:00+02:00,75.80999755859375
2025-09-01 12:30:00+02:00,75.7300033569336
2025-09-01 12:45:00+02:00,75.69999694824219
2025-09-01 13:00:00+02:00,75.76000213623047
2025-09-01 13:15:00+02:00,75.6500015258789
2025-09-01 13:30:00+02:00,75.66999816894531
2025-09-01 13:45:00+02:00,75.66000366210938
2025-09-01 14:00:00+02:00,75.62000274658203
2025-09-01 14:15:00+02:00,75.63999938964844
2025-09-01 14:30:00+02:00,75.6500015258789
2025-09-01 14:45:00+02:00,75.69999694824219
2025-09-01 15:00:00+02:00,75.61000061035156
2025-09-01 15:15:00+02:00,75.63999938964844
2025-09-01 15:30:00+02:00,75.58000183105469
2025-09-01 15:45:00+02:00,75.56999969482422
2025-09-01 16:00:00+02:00,75.5
2025-09-01 16:15:00+02:00,75.55999755859375
2025-09-01 16:30:00+02:00,75.4000015258789
2025-09-01 16:45:00+02:00,75.37000274658203
2025-09-01 17:00:00+02:00,75.29000091552734
2025-09-01 17:15:00+02:00,75.33999633789062
2025-09-02 09:00:00+02:00,73.0199966430664
2025-09-02 09:15:00+02:00,73.62000274658203
2025-09-02 09:30:00+02:00,73.94999694824219
2025-09-02 09:45:00+02:00,74.08999633789062
2025-09-02 10:00:00+02:00,74.25
2025-09-02 10:15:00+02:00,74.79000091552734
2025-09-02 10:30:00+02:00,74.76000213623047
2025-09-02 10:45:00+02:00,74.87000274658203
2025-09-02 11:00:00+02:00,74.69999694824219
2025-09-02 11:15:00+02:00,74.79000091552734
2025-09-02 11:30:00+02:00,74.80000305175781
2025-09-02 11:45:00+02:00,74.91000366210938
2025-09-02 12:00:00+02:00,74.87000274658203
2025-09-02 12:15:00+02:00,74.94000244140625
2025-09-02 12:30:00+02:00,74.87000274658203
2025-09-02 12:45:00+02:00,74.87000274658203
2025-09-02 13:00:00+02:00,74.87999725341797
2025-09-02 13:15:00+02:00,74.8499984741211
2025-09-02 13:30:00+02:00,74.81999969482422
2025-09-02 13:45:00+02:00,74.69999694824219
2025-09-02 14:00:00+02:00,74.66000366210938
2025-09-02 14:15:00+02:00,74.5999984741211
2025-09-02 14:30:00+02:00,74.58000183105469
2025-09-02 14:45:00+02:00,74.61000061035156
2025-09-02 15:00:00+02:00,74.61000061035156
2025-09-02 15:15:00+02:00,74.81999969482422
2025-09-02 15:30:00+02:00,75.1500015258789
2025-09-02 15:45:00+02:00,75.26000213623047
2025-09-02 16:00:00+02:00,75.3499984741211
2025-09-02 16:15:00+02:00,75.33000183105469
2025-09-02 16:30:00+02:00,75.4000015258789
2025-09-02 16:45:00+02:00,75.30999755859375
2025-09-02 17:00:00+02:00,75.2300033569336
2025-09-02 17:15:00+02:00,75.16000366210938
2025-09-03 09:00:00+02:00,74.91000366210938
2025-09-03 09:15:00+02:00,74.86000061035156
2025-09-03 09:30:00+02:00,74.94000244140625
2025-09-03 09:45:00+02:00,74.76000213623047
2025-09-03 10:00:00+02:00,74.91000366210938
2025-09-03 10:15:00+02:00,74.88999938964844
2025-09-03 10:30:00+02:00,74.7699966430664
2025-09-03 10:45:00+02:00,74.80000305175781
2025-09-03 11:00:00+02:00,74.72000122070312
2025-09-03 11:15:00+02:00,74.87000274658203
2025-09-03 11:30:00+02:00,74.81999969482422
2025-09-03 11:45:00+02:00,74.91999816894531
2025-09-03 12:00:00+02:00,74.91999816894531
2025-09-03 12:15:00+02:00,74.87000274658203
2025-09-03 12:30:00+02:00,74.9000015258789
2025-09-03 12:45:00+02:00,74.81999969482422
2025-09-03 13:00:00+02:00,74.80999755859375
2025-09-03 13:15:00+02:00,74.79000091552734
2025-09-03 13:30:00+02:00,74.76000213623047
2025-09-03 13:45:00+02:00,74.91000366210938
2025-09-03 14:00:00+02:00,74.91999816894531
2025-09-03 14:15:00+02:00,74.8499984741211
2025-09-03 14:30:00+02:00,74.8499984741211
2025-09-03 14:45:00+02:00,74.75
2025-09-03 15:00:00+02:00,74.81999969482422
2025-09-03 15:15:00+02:00,74.93000030517578
2025-09-03 15:30:00+02:00,74.98999786376953
2025-09-03 15:45:00+02:00,74.87999725341797
2025-09-03 16:00:00+02:00,74.80000305175781
2025-09-03 16:15:00+02:00,74.79000091552734
2025-09-03 16:30:00+02:00,74.79000091552734
2025-09-03 16:45:00+02:00,74.80999755859375
2025-09-03 17:00:00+02:00,74.86000061035156
2025-09-03 17:15:00+02:00,74.69999694824219
2025-09-04 09:00:00+02:00,75.2699966430664
2025-09-04 09:15:00+02:00,75.4000015258789
2025-09-04 09:30:00+02:00,75.33000183105469
2025-09-04 09:45:00+02:00,75.38999938964844
2025-09-04 10:00:00+02:00,75.36000061035156
2025-09-04 10:15:00+02:00,75.37999725341797
2025-09-04 10:30:00+02:00,75.51000213623047
2025-09-04 10:45:00+02:00,75.62000274658203
2025-09-04 11:00:00+02:00,75.7300033569336
2025-09-04 11:15:00+02:00,75.69999694824219
2025-09-04 11:30:00+02:00,76.0199966430664
2025-09-04 11:45:00+02:00,76.06999969482422
2025-09-04 12:00:00+02:00,76.16999816894531
2025-09-04 12:15:00+02:00,76.16999816894531
2025-09-04 12:30:00+02:00,76.18000030517578
2025-09-04 12:45:00+02:00,76.2699966430664
2025-09-04 13:00:00+02:00,76.30000305175781
2025-09-04 13:15:00+02:00,76.3499984741211
2025-09-04 13:30:00+02:00,76.23999786376953
2025-09-04 13:45:00+02:00,76.23999786376953
2025-09-04 14:00:00+02:00,76.2699966430664
2025-09-04 14:15:00+02:00,76.11000061035156
2025-09-04 14:30:00+02:00,76.08000183105469
2025-09-04 14:45:00+02:00,76.16999816894531
2025-09-04 15:00:00+02:00,76.23999786376953
2025-09-04 15:15:00+02:00,76.16000366210938
2025-09-04 15:30:00+02:00,76.06999969482422
2025-09-04 15:45:00+02:00,76.12000274658203
2025-09-04 16:00:00+02:00,76.04000091552734
2025-09-04 16:15:00+02:00,75.83999633789062
2025-09-04 16:30:00+02:00,75.75
2025-09-04 16:45:00+02:00,75.87999725341797
2025-09-04 17:00:00+02:00,75.94999694824219
2025-09-04 17:15:00+02:00,75.9800033569336
2025-09-05 09:00:00+02:00,75.5199966430664
2025-09-05 09:15:00+02:00,75.62999725341797
2025-09-05 09:30:00+02:00,75.9800033569336
2025-09-05 09:45:00+02:00,75.87999725341797
2025-09-05 10:00:00+02:00,75.56999969482422
2025-09-05 10:15:00+02:00,75.62999725341797
2025-09-05 10:30:00+02:00,75.61000061035156
2025-09-05 10:45:00+02:00,75.58000183105469
2025-09-05 11:00:00+02:00,75.37999725341797
2025-09-05 11:15:00+02:00,75.33000183105469
2025-09-05 11:30:00+02:00,75.20999908447266
2025-09-05 11:45:00+02:00,75.2699966430664
2025-09-05 12:00:00+02:00,75.2300033569336
2025-09-05 12:15:00+02:00,75.27999877929688
2025-09-05 12:30:00+02:00,75.37999725341797
2025-09-05 12:45:00+02:00,75.31999969482422
2025-09-05 13:00:00+02:00,75.30999755859375
2025-09-05 13:15:00+02:00,75.31999969482422
2025-09-05 13:30:00+02:00,75.30999755859375
2025-09-05 13:45:00+02:00,75.27999877929688
2025-09-05 14:00:00+02:00,75.16000366210938
2025-09-05 14:15:00+02:00,75.19999694824219
2025-09-05 14:30:00+02:00,75.45999908447266
2025-09-05 14:45:00+02:00,75.47000122070312
2025-09-05 15:00:00+02:00,75.44000244140625
2025-09-05 15:15:00+02:00,75.31999969482422
2025-09-05 15:30:00+02:00,75.44000244140625
2025-09-05 15:45:00+02:00,75.37000274658203
2025-09-05 16:00:00+02:00,75.33999633789062
2025-09-05 16:15:00+02:00,75.36000061035156
2025-09-05 16:30:00+02:00,75.41000366210938
2025-09-05 16:45:00+02:00,75.4800033569336
2025-09-05 17:00:00+02:00,75.45999908447266
2025-09-05 17:15:00+02:00,75.45999908447266
2025-09-08 09:00:00+02:00,75.01000213623047
2025-09-08 09:15:00+02:00,74.9800033569336
2025-09-08 09:30:00+02:00,75.0
2025-09-08 09:45:00+02:00,75.04000091552734
2025-09-08 10:00:00+02:00,75.11000061035156
2025-09-08 10:15:00+02:00,75.06999969482422
2025-09-08 10:30:00+02:00,75.0999984741211
2025-09-08 10:45:00+02:00,75.06999969482422
2025-09-08 11:00:00+02:00,75.05999755859375
2025-09-08 11:15:00+02:00,75.11000061035156
2025-09-08 11:30:00+02:00,75.08999633789062
2025-09-08 11:45:00+02:00,75.04000091552734
2025-09-08 12:00:00+02:00,75.05999755859375
2025-09-08 12:15:00+02:00,75.05999755859375
2025-09-08 12:30:00+02:00,75.0199966430664
2025-09-08 12:45:00+02:00,75.0199966430664
2025-09-08 13:00:00+02:00,75.0999984741211
2025-09-08 13:15:00+02:00,75.08999633789062
2025-09-08 13:30:00+02:00,75.16999816894531
2025-09-08 13:45:00+02:00,75.12999725341797
2025-09-08 14:00:00+02:00,74.87000274658203
2025-09-08 14:15:00+02:00,74.86000061035156
2025-09-08 14:30:00+02:00,74.91999816894531
2025-09-08 14:45:00+02:00,74.9000015258789
2025-09-08 15:00:00+02:00,74.91000366210938
2025-09-08 15:15:00+02:00,74.80000305175781
2025-09-08 15:30:00+02:00,74.55000305175781
2025-09-08 15:45:00+02:00,74.69999694824219
2025-09-08 16:00:00+02:00,74.69000244140625
2025-09-08 16:15:00+02:00,74.72000122070312
2025-09-08 16:30:00+02:00,74.70999908447266
2025-09-08 16:45:00+02:00,74.62999725341797
2025-09-08 17:00:00+02:00,74.8499984741211
2025-09-08 17:15:00+02:00,74.83000183105469
2025-09-09 09:00:00+02:00,74.44000244140625
2025-09-09 09:15:00+02:00,74.54000091552734
2025-09-09 09:30:00+02:00,74.37999725341797
2025-09-09 09:45:00+02:00,74.41999816894531
2025-09-09 10:00:00+02:00,74.31999969482422
2025-09-09 10:15:00+02:00,74.26000213623047
2025-09-09 10:30:00+02:00,74.18000030517578
2025-09-09 10:45:00+02:00,74.19000244140625
2025-09-09 11:00:00+02:00,74.06999969482422
2025-09-09 11:15:00+02:00,73.95999908447266
2025-09-09 11:30:00+02:00,74.0199966430664
2025-09-09 11:45:00+02:00,74.12999725341797
2025-09-09 12:00:00+02:00,74.19999694824219
2025-09-09 12:15:00+02:00,74.19999694824219
2025-09-09 12:30:00+02:00,74.30999755859375
2025-09-09 12:45:00+02:00,74.37999725341797
2025-09-09 13:00:00+02:00,74.29000091552734
2025-09-09 13:15:00+02:00,74.2300033569336
2025-09-09 13:30:00+02:00,74.23999786376953
2025-09-09 13:45:00+02:00,74.2300033569336
2025-09-09 14:00:00+02:00,74.2300033569336
2025-09-09 14:15:00+02:00,74.19000244140625
2025-09-09 14:30:00+02:00,74.06999969482422
2025-09-09 14:45:00+02:00,74.1500015258789
2025-09-09 15:00:00+02:00,73.9800033569336
2025-09-09 15:15:00+02:00,73.81999969482422
2025-09-09 15:30:00+02:00,73.86000061035156
2025-09-09 15:45:00+02:00,73.77999877929688
2025-09-09 16:00:00+02:00,73.79000091552734
2025-09-09 16:15:00+02:00,73.70999908447266
2025-09-09 16:30:00+02:00,73.69999694824219
2025-09-09 16:45:00+02:00,73.58999633789062
2025-09-09 17:00:00+02:00,73.5
2025-09-09 17:15:00+02:00,73.52999877929688
2025-09-10 09:00:00+02:00,73.91999816894531
2025-09-10 09:15:00+02:00,73.97000122070312
2025-09-10 09:30:00+02:00,74.01000213623047
2025-09-10 09:45:00+02:00,73.81999969482422
2025-09-10 10:00:00+02:00,73.68000030517578
2025-09-10 10:15:00+02:00,73.73999786376953
2025-09-10 10:30:00+02:00,73.76000213623047
2025-09-10 10:45:00+02:00,73.88999938964844
2025-09-10 11:00:00+02:00,73.94000244140625
2025-09-10 11:15:00+02:00,73.98999786376953
2025-09-10 11:30:00+02:00,73.9000015258789
2025-09-10 11:45:00+02:00,73.83999633789062
2025-09-10 12:00:00+02:00,73.80999755859375
2025-09-10 12:15:00+02:00,73.9000015258789
2025-09-10 12:30:00+02:00,73.88999938964844
2025-09-10 12:45:00+02:00,73.88999938964844
2025-09-10 13:00:00+02:00,73.8499984741211
2025-09-10 13:15:00+02:00,73.76000213623047
2025-09-10 13:30:00+02:00,73.66000366210938
2025-09-10 13:45:00+02:00,73.72000122070312
2025-09-10 14:00:00+02:00,73.7699966430664
2025-09-10 14:15:00+02:00,73.75
2025-09-10 14:30:00+02:00,73.69999694824219
2025-09-10 14:45:00+02:00,73.56999969482422
2025-09-10 15:00:00+02:00,73.58999633789062
2025-09-10 15:15:00+02:00,73.63999938964844
2025-09-10 15:30:00+02:00,73.55000305175781
2025-09-10 15:45:00+02:00,73.4800033569336
2025-09-10 16:00:00+02:00,73.43000030517578
2025-09-10 16:15:00+02:00,73.33000183105469
2025-09-10 16:30:00+02:00,73.43000030517578
2025-09-10 16:45:00+02:00,73.30000305175781
2025-09-10 17:00:00+02:00,73.3499984741211
2025-09-10 17:15:00+02:00,73.38999938964844
2025-09-11 09:00:00+02:00,73.91999816894531
2025-09-11 09:15:00+02:00,73.66999816894531
2025-09-11 09:30:00+02:00,73.66000366210938
2025-09-11 09:45:00+02:00,73.58999633789062
2025-09-11 10:00:00+02:00,73.55000305175781
2025-09-11 10:15:00+02:00,73.54000091552734
2025-09-11 10:30:00+02:00,73.48999786376953
2025-09-11 10:45:00+02:00,73.52999877929688
2025-09-11 11:00:00+02:00,73.54000091552734
2025-09-11 11:15:00+02:00,73.51000213623047
2025-09-11 11:30:00+02:00,73.4800033569336
2025-09-11 11:45:00+02:00,73.51000213623047
2025-09-11 12:00:00+02:00,73.58000183105469
2025-09-11 12:15:00+02:00,73.66999816894531
2025-09-11 12:30:00+02:00,73.63999938964844
2025-09-11 12:45:00+02:00,73.58999633789062
2025-09-11 13:00:00+02:00,73.58000183105469
2025-09-11 13:15:00+02:00,73.4800033569336
2025-09-11 13:30:00+02:00,73.55999755859375
2025-09-11 13:45:00+02:00,73.5
2025-09-11 14:00:00+02:00,73.51000213623047
2025-09-11 14:15:00+02:00,73.41999816894531
2025-09-11 14:30:00+02:00,73.5
2025-09-11 14:45:00+02:00,73.62000274658203
2025-09-11 15:00:00+02:00,73.5
2025-09-11 15:15:00+02:00,73.4800033569336
2025-09-11 15:30:00+02:00,73.5999984741211
2025-09-11 15:45:00+02:00,73.69000244140625
2025-09-11 16:00:00+02:00,73.58999633789062
2025-09-11 16:15:00+02:00,73.55999755859375
2025-09-11 16:30:00+02:00,73.51000213623047
2025-09-11 16:45:00+02:00,73.54000091552734
2025-09-11 17:00:00+02:00,73.55000305175781
2025-09-11 17:15:00+02:00,73.62000274658203
2025-09-12 09:00:00+02:00,73.56999969482422
2025-09-12 09:15:00+02:00,73.56999969482422
2025-09-12 09:30:00+02:00,73.61000061035156
2025-09-12 09:45:00+02:00,73.55999755859375
2025-09-12 10:00:00+02:00,73.52999877929688
2025-09-12 10:15:00+02:00,73.55999755859375
2025-09-12 10:30:00+02:00,73.51000213623047
2025-09-12 10:45:00+02:00,73.41000366210938
2025-09-12 11:00:00+02:00,73.30999755859375
2025-09-12 11:15:00+02:00,73.30999755859375
2025-09-12 11:30:00+02:00,73.2699966430664
2025-09-12 11:45:00+02:00,73.4000015258789
2025-09-12 12:00:00+02:00,73.43000030517578
2025-09-12 12:15:00+02:00,73.38999938964844
2025-09-12 12:30:00+02:00,73.30000305175781
2025-09-12 12:45:00+02:00,73.29000091552734
2025-09-12 13:00:00+02:00,73.37000274658203
2025-09-12 13:15:00+02:00,73.37999725341797
2025-09-12 13:30:00+02:00,73.3499984741211
2025-09-12 13:45:00+02:00,73.33000183105469
2025-09-12 14:00:00+02:00,73.33000183105469
2025-09-12 14:15:00+02:00,73.31999969482422
2025-09-12 14:30:00+02:00,73.33000183105469
2025-09-12 14:45:00+02:00,73.37999725341797
2025-09-12 15:00:00+02:00,73.43000030517578
2025-09-12 15:15:00+02:00,73.45999908447266
2025-09-12 15:30:00+02:00,73.3499984741211
2025-09-12 15:45:00+02:00,73.38999938964844
2025-09-12 16:00:00+02:00,73.41999816894531
2025-09-12 16:15:00+02:00,73.30000305175781
2025-09-12 16:30:00+02:00,73.23999786376953
2025-09-12 16:45:00+02:00,73.22000122070312
2025-09-12 17:00:00+02:00,73.12999725341797
2025-09-12 17:15:00+02:00,73.05000305175781
2025-09-15 09:00:00+02:00,72.7300033569336
2025-09-15 09:15:00+02:00,72.83000183105469
2025-09-15 09:30:00+02:00,72.79000091552734
2025-09-15 09:45:00+02:00,72.97000122070312
2025-09-15 10:00:00+02:00,73.06999969482422
2025-09-15 10:15:00+02:00,73.02999877929688
2025-09-15 10:30:00+02:00,73.08000183105469
2025-09-15 10:45:00+02:00,72.98999786376953
2025-09-15 11:00:00+02:00,72.94999694824219
2025-09-15 11:15:00+02:00,72.91000366210938
2025-09-15 11:30:00+02:00,72.91000366210938
2025-09-15 11:45:00+02:00,72.88999938964844
2025-09-15 12:00:00+02:00,72.9000015258789
2025-09-15 12:15:00+02:00,72.8499984741211
2025-09-15 12:30:00+02:00,72.77999877929688
2025-09-15 12:45:00+02:00,72.80999755859375
2025-09-15 13:00:00+02:00,72.79000091552734
2025-09-15 13:15:00+02:00,72.83000183105469
2025-09-15 13:30:00+02:00,72.79000091552734
2025-09-15 13:45:00+02:00,72.81999969482422
2025-09-15 14:00:00+02:00,72.73999786376953
2025-09-15 14:15:00+02:00,72.7699966430664
2025-09-15 14:30:00+02:00,72.70999908447266
2025-09-15 14:45:00+02:00,72.51000213623047
2025-09-15 15:00:00+02:00,72.47000122070312
2025-09-15 15:15:00+02:00,72.41999816894531
2025-09-15 15:30:00+02:00,72.51000213623047
2025-09-15 15:45:00+02:00,72.43000030517578
2025-09-15 16:00:00+02:00,72.37000274658203
2025-09-15 16:15:00+02:00,72.33999633789062
2025-09-15 16:30:00+02:00,72.30999755859375
2025-09-15 16:45:00+02:00,72.13999938964844
2025-09-15 17:00:00+02:00,72.05000305175781
2025-09-15 17:15:00+02:00,72.12000274658203
2025-09-16 09:00:00+02:00,71.80999755859375
2025-09-16 09:15:00+02:00,71.81999969482422
2025-09-16 09:30:00+02:00,71.98999786376953
2025-09-16 09:45:00+02:00,72.01000213623047
2025-09-16 10:00:00+02:00,71.94000244140625
2025-09-16 10:15:00+02:00,71.98999786376953
2025-09-16 10:30:00+02:00,72.0
2025-09-16 10:45:00+02:00,72.01000213623047
2025-09-16 11:00:00+02:00,72.11000061035156
2025-09-16 11:15:00+02:00,71.95999908447266
2025-09-16 11:30:00+02:00,71.80999755859375
2025-09-16 11:45:00+02:00,71.75
2025-09-16 12:00:00+02:00,71.72000122070312
2025-09-16 12:15:00+02:00,71.80999755859375
2025-09-16 12:30:00+02:00,71.9000015258789
2025-09-16 12:45:00+02:00,71.95999908447266
2025-09-16 13:00:00+02:00,71.87000274658203
2025-09-16 13:15:00+02:00,71.91000366210938
2025-09-16 13:30:00+02:00,71.87000274658203
2025-09-16 13:45:00+02:00,71.93000030517578
2025-09-16 14:00:00+02:00,71.91000366210938
2025-09-16 14:15:00+02:00,71.91999816894531
2025-09-16 14:30:00+02:00,71.87000274658203
2025-09-16 14:45:00+02:00,71.83000183105469
2025-09-16 15:00:00+02:00,71.94999694824219
2025-09-16 15:15:00+02:00,71.98999786376953
2025-09-16 15:30:00+02:00,71.94000244140625
2025-09-16 15:45:00+02:00,72.04000091552734
2025-09-16 16:00:00+02:00,71.86000061035156
2025-09-16 16:15:00+02:00,71.86000061035156
2025-09-16 16:30:00+02:00,71.88999938964844
2025-09-16 16:45:00+02:00,71.88999938964844
2025-09-16 17:00:00+02:00,71.83999633789062
2025-09-16 17:15:00+02:00,71.81999969482422
2025-09-17 09:00:00+02:00,71.61000061035156
2025-09-17 09:15:00+02:00,71.4800033569336
2025-09-17 09:30:00+02:00,71.4800033569336
2025-09-17 09:45:00+02:00,71.5
2025-09-17 10:00:00+02:00,71.51000213623047
2025-09-17 10:15:00+02:00,71.51000213623047
2025-09-17 10:30:00+02:00,71.51000213623047
2025-09-17 10:45:00+02:00,71.58999633789062
2025-09-17 11:00:00+02:00,71.55000305175781
2025-09-17 11:15:00+02:00,71.45999908447266
2025-09-17 11:30:00+02:00,71.38999938964844
2025-09-17 11:45:00+02:00,71.43000030517578
2025-09-17 12:00:00+02:00,71.36000061035156
2025-09-17 12:15:00+02:00,71.43000030517578
2025-09-17 12:30:00+02:00,71.41999816894531
2025-09-17 12:45:00+02:00,71.47000122070312
2025-09-17 13:00:00+02:00,71.51000213623047
2025-09-17 13:15:00+02:00,71.61000061035156
2025-09-17 13:30:00+02:00,71.5999984741211
2025-09-17 13:45:00+02:00,71.55000305175781
2025-09-17 14:00:00+02:00,71.5999984741211
2025-09-17 14:15:00+02:00,71.58999633789062
2025-09-17 14:30:00+02:00,71.55999755859375
2025-09-17 14:45:00+02:00,71.54000091552734
2025-09-17 15:00:00+02:00,71.58999633789062
2025-09-17 15:15:00+02:00,71.51000213623047
2025-09-17 15:30:00+02:00,71.80999755859375
2025-09-17 15:45:00+02:00,71.52999877929688
2025-09-17 16:00:00+02:00,71.4800033569336
2025-09-17 16:15:00+02:00,71.44000244140625
2025-09-17 16:30:00+02:00,71.55000305175781
2025-09-17 16:45:00+02:00,71.62000274658203
2025-09-17 17:00:00+02:00,71.6500015258789
2025-09-17 17:15:00+02:00,71.66999816894531
2025-09-18 09:00:00+02:00,71.25
2025-09-18 09:15:00+02:00,71.12000274658203
2025-09-18 09:30:00+02:00,71.26000213623047
2025-09-18 09:45:00+02:00,71.58000183105469
2025-09-18 10:00:00+02:00,71.79000091552734
2025-09-18 10:15:00+02:00,71.69999694824219
2025-09-18 10:30:00+02:00,71.83000183105469
2025-09-18 10:45:00+02:00,71.94999694824219
2025-09-18 11:00:00+02:00,71.80000305175781
2025-09-18 11:15:00+02:00,71.83000183105469
2025-09-18 11:30:00+02:00,71.87999725341797
2025-09-18 11:45:00+02:00,71.87999725341797
2025-09-18 12:00:00+02:00,71.93000030517578
2025-09-18 12:15:00+02:00,71.91000366210938
2025-09-18 12:30:00+02:00,71.87999725341797
2025-09-18 12:45:00+02:00,71.8499984741211
2025-09-18 13:00:00+02:00,71.80000305175781
2025-09-18 13:15:00+02:00,71.79000091552734
2025-09-18 13:30:00+02:00,71.7699966430664
2025-09-18 13:45:00+02:00,71.83999633789062
2025-09-18 14:00:00+02:00,71.77999877929688
2025-09-18 14:15:00+02:00,71.77999877929688
2025-09-18 14:30:00+02:00,71.79000091552734
2025-09-18 14:45:00+02:00,71.87000274658203
2025-09-18 15:00:00+02:00,71.83000183105469
2025-09-18 15:15:00+02:00,71.83999633789062
2025-09-18 15:30:00+02:00,71.7300033569336
2025-09-18 15:45:00+02:00,71.75
2025-09-18 16:00:00+02:00,71.87999725341797
2025-09-18 16:15:00+02:00,71.9000015258789
2025-09-18 16:30:00+02:00,71.83000183105469
2025-09-18 16:45:00+02:00,71.70999908447266
2025-09-18 17:00:00+02:00,71.83999633789062
2025-09-18 17:15:00+02:00,71.8499984741211
2025-09-19 09:00:00+02:00,71.43000030517578
2025-09-19 09:15:00+02:00,71.5199966430664
2025-09-19 09:30:00+02:00,71.58000183105469
2025-09-19 09:45:00+02:00,71.66999816894531
2025-09-19 10:00:00+02:00,71.68000030517578
2025-09-19 10:15:00+02:00,71.8499984741211
2025-09-19 10:30:00+02:00,71.9000015258789
2025-09-19 10:45:00+02:00,71.91000366210938
2025-09-19 11:00:00+02:00,71.81999969482422
2025-09-19 11:15:00+02:00,71.94999694824219
2025-09-19 11:30:00+02:00,72.13999938964844
2025-09-19 11:45:00+02:00,72.11000061035156
2025-09-19 12:00:00+02:00,72.1500015258789
2025-09-19 12:15:00+02:00,72.11000061035156
2025-09-19 12:30:00+02:00,72.18000030517578
2025-09-19 12:45:00+02:00,72.16000366210938
2025-09-19 13:00:00+02:00,72.1500015258789
2025-09-19 13:15:00+02:00,72.18000030517578
2025-09-19 13:30:00+02:00,72.37000274658203
2025-09-19 13:45:00+02:00,72.48999786376953
2025-09-19 14:00:00+02:00,72.61000061035156
2025-09-19 14:15:00+02:00,72.66999816894531
2025-09-19 14:30:00+02:00,72.69000244140625
2025-09-19 14:45:00+02:00,72.69000244140625
2025-09-19 15:00:00+02:00,72.7300033569336
2025-09-19 15:15:00+02:00,72.75
2025-09-19 15:30:00+02:00,72.68000030517578
2025-09-19 15:45:00+02:00,72.68000030517578
2025-09-19 16:00:00+02:00,72.56999969482422
2025-09-19 16:15:00+02:00,72.44000244140625
2025-09-19 16:30:00+02:00,72.5
2025-09-19 16:45:00+02:00,72.54000091552734
2025-09-19 17:00:00+02:00,72.62999725341797
2025-09-19 17:15:00+02:00,72.55999755859375
2025-09-22 09:00:00+02:00,72.02999877929688
2025-09-22 09:15:00+02:00,72.12000274658203
2025-09-22 09:30:00+02:00,72.05999755859375
2025-09-22 09:45:00+02:00,72.16999816894531
2025-09-22 10:00:00+02:00,72.13999938964844
2025-09-22 10:15:00+02:00,72.16999816894531
2025-09-22 10:30:00+02:00,72.23999786376953
2025-09-22 10:45:00+02:00,72.23999786376953
2025-09-22 11:00:00+02:00,72.20999908447266
2025-09-22 11:15:00+02:00,72.0
2025-09-22 11:30:00+02:00,72.12999725341797
2025-09-22 11:45:00+02:00,72.20999908447266
2025-09-22 12:00:00+02:00,72.41000366210938
2025-09-22 12:15:00+02:00,72.41999816894531
2025-09-22 12:30:00+02:00,72.33999633789062
2025-09-22 12:45:00+02:00,72.2300033569336
2025-09-22 13:00:00+02:00,72.25
2025-09-22 13:15:00+02:00,72.30000305175781
2025-09-22 13:30:00+02:00,72.2699966430664
2025-09-22 13:45:00+02:00,72.22000122070312
2025-09-22 14:00:00+02:00,72.29000091552734
2025-09-22 14:15:00+02:00,72.26000213623047
2025-09-22 14:30:00+02:00,72.20999908447266
2025-09-22 14:45:00+02:00,72.13999938964844
2025-09-22 15:00:00+02:00,71.98999786376953
2025-09-22 15:15:00+02:00,71.94000244140625
2025-09-22 15:30:00+02:00,71.93000030517578
2025-09-22 15:45:00+02:00,71.83000183105469
2025-09-22 16:00:00+02:00,71.73999786376953
2025-09-22 16:15:00+02:00,71.76000213623047
2025-09-22 16:30:00+02:00,71.7699966430664
2025-09-22 16:45:00+02:00,71.75
2025-09-22 17:00:00+02:00,71.73999786376953
2025-09-22 17:15:00+02:00,71.81999969482422
2025-09-23 09:00:00+02:00,71.87999725341797
2025-09-23 09:15:00+02:00,72.16000366210938
2025-09-23 09:30:00+02:00,71.98999786376953
2025-09-23 09:45:00+02:00,71.9800033569336
2025-09-23 10:00:00+02:00,72.06999969482422
2025-09-23 10:15:00+02:00,71.93000030517578
2025-09-23 10:30:00+02:00,71.97000122070312
2025-09-23 10:45:00+02:00,72.08000183105469
2025-09-23 11:00:00+02:00,72.05999755859375
2025-09-23 11:15:00+02:00,72.05000305175781
2025-09-23 11:30:00+02:00,72.02999877929688
2025-09-23 11:45:00+02:00,71.98999786376953
2025-09-23 12:00:00+02:00,71.91000366210938
2025-09-23 12:15:00+02:00,71.83999633789062
2025-09-23 12:30:00+02:00,71.83000183105469
2025-09-23 12:45:00+02:00,71.86000061035156
2025-09-23 13:00:00+02:00,71.87000274658203
2025-09-23 13:15:00+02:00,71.83999633789062
2025-09-23 13:30:00+02:00,71.9000015258789
2025-09-23 13:45:00+02:00,72.0199966430664
2025-09-23 14:00:00+02:00,71.97000122070312
2025-09-23 14:15:00+02:00,71.93000030517578
2025-09-23 14:30:00+02:00,72.11000061035156
2025-09-23 14:45:00+02:00,72.01000213623047
2025-09-23 15:00:00+02:00,72.0199966430664
2025-09-23 15:15:00+02:00,71.95999908447266
2025-09-23 15:30:00+02:00,71.9000015258789
2025-09-23 15:45:00+02:00,71.97000122070312
2025-09-23 16:00:00+02:00,71.68000030517578
2025-09-23 16:15:00+02:00,71.72000122070312
2025-09-23 16:30:00+02:00,71.73999786376953
2025-09-23 16:45:00+02:00,71.68000030517578
2025-09-23 17:00:00+02:00,71.70999908447266
2025-09-23 17:15:00+02:00,71.66999816894531
2025-09-24 09:00:00+02:00,71.58000183105469
2025-09-24 09:15:00+02:00,71.55999755859375
2025-09-24 09:30:00+02:00,71.58999633789062
2025-09-24 09:45:00+02:00,71.52999877929688
2025-09-24 10:00:00+02:00,71.43000030517578
2025-09-24 10:15:00+02:00,71.48999786376953
2025-09-24 10:30:00+02:00,71.5199966430664
2025-09-24 10:45:00+02:00,71.41999816894531
2025-09-24 11:00:00+02:00,71.41999816894531
2025-09-24 11:15:00+02:00,71.45999908447266
2025-09-24 11:30:00+02:00,71.36000061035156
2025-09-24 11:45:00+02:00,71.31999969482422
2025-09-24 12:00:00+02:00,71.20999908447266
2025-09-24 12:15:00+02:00,71.20999908447266
2025-09-24 12:30:00+02:00,71.27999877929688
2025-09-24 12:45:00+02:00,71.2699966430664
2025-09-24 13:00:00+02:00,71.19999694824219
2025-09-24 13:15:00+02:00,71.1500015258789
2025-09-24 13:30:00+02:00,71.16999816894531
2025-09-24 13:45:00+02:00,71.22000122070312
2025-09-24 14:00:00+02:00,71.13999938964844
2025-09-24 14:15:00+02:00,71.2300033569336
2025-09-24 14:30:00+02:00,71.23999786376953
2025-09-24 14:45:00+02:00,71.2300033569336
2025-09-24 15:00:00+02:00,71.18000030517578
2025-09-24 15:15:00+02:00,71.19999694824219
2025-09-24 15:30:00+02:00,71.37000274658203
2025-09-24 15:45:00+02:00,71.38999938964844
2025-09-24 16:00:00+02:00,71.38999938964844
2025-09-24 16:15:00+02:00,71.30000305175781
2025-09-24 16:30:00+02:00,71.38999938964844
2025-09-24 16:45:00+02:00,71.2699966430664
2025-09-24 17:00:00+02:00,71.2699966430664
2025-09-24 17:15:00+02:00,71.2300033569336
2025-09-25 09:00:00+02:00,71.20999908447266
2025-09-25 09:15:00+02:00,71.37999725341797
2025-09-25 09:30:00+02:00,71.25
2025-09-25 09:45:00+02:00,71.3499984741211
2025-09-25 10:00:00+02:00,71.44999694824219
2025-09-25 10:15:00+02:00,71.43000030517578
2025-09-25 10:30:00+02:00,71.43000030517578
2025-09-25 10:45:00+02:00,71.31999969482422
2025-09-25 11:00:00+02:00,71.20999908447266
2025-09-25 11:15:00+02:00,71.3499984741211
2025-09-25 11:30:00+02:00,71.33999633789062
2025-09-25 11:45:00+02:00,71.36000061035156
2025-09-25 12:00:00+02:00,71.43000030517578
2025-09-25 12:15:00+02:00,71.47000122070312
2025-09-25 12:30:00+02:00,71.5
2025-09-25 12:45:00+02:00,71.55000305175781
2025-09-25 13:00:00+02:00,71.5
2025-09-25 13:15:00+02:00,71.54000091552734
2025-09-25 13:30:00+02:00,71.69000244140625
2025-09-25 13:45:00+02:00,71.62999725341797
2025-09-25 14:00:00+02:00,71.73999786376953
2025-09-25 14:15:00+02:00,71.83999633789062
2025-09-25 14:30:00+02:00,71.87000274658203
2025-09-25 14:45:00+02:00,71.77999877929688
2025-09-25 15:00:00+02:00,71.83000183105469
2025-09-25 15:15:00+02:00,71.81999969482422
2025-09-25 15:30:00+02:00,71.80000305175781
2025-09-25 15:45:00+02:00,71.52999877929688
2025-09-25 16:00:00+02:00,71.48999786376953
2025-09-25 16:15:00+02:00,71.41999816894531
2025-09-25 16:30:00+02:00,71.30000305175781
2025-09-25 16:45:00+02:00,71.29000091552734
2025-09-25 17:00:00+02:00,71.0999984741211
2025-09-25 17:15:00+02:00,71.0
2025-09-26 09:00:00+02:00,71.33999633789062
2025-09-26 09:15:00+02:00,71.43000030517578
2025-09-26 09:30:00+02:00,71.47000122070312
2025-09-26 09:45:00+02:00,71.58000183105469
2025-09-26 10:00:00+02:00,71.55999755859375
2025-09-26 10:15:00+02:00,71.47000122070312
2025-09-26 10:30:00+02:00,71.44000244140625
2025-09-26 10:45:00+02:00,71.45999908447266
2025-09-26 11:00:00+02:00,71.63999938964844
2025-09-26 11:15:00+02:00,71.31999969482422
2025-09-26 11:30:00+02:00,71.37000274658203
2025-09-26 11:45:00+02:00,71.33000183105469
2025-09-26 12:00:00+02:00,71.2699966430664
2025-09-26 12:15:00+02:00,71.19999694824219
2025-09-26 12:30:00+02:00,71.1500015258789
2025-09-26 12:45:00+02:00,71.16000366210938
2025-09-26 13:00:00+02:00,71.04000091552734
2025-09-26 13:15:00+02:00,71.08999633789062
2025-09-26 13:30:00+02:00,71.12000274658203
2025-09-26 13:45:00+02:00,71.05000305175781
2025-09-26 14:00:00+02:00,71.12000274658203
2025-09-26 14:15:00+02:00,71.08000183105469
2025-09-26 14:30:00+02:00,71.16000366210938
2025-09-26 14:45:00+02:00,71.06999969482422
2025-09-26 15:00:00+02:00,71.0199966430664
2025-09-26 15:15:00+02:00,71.05000305175781
2025-09-26 15:30:00+02:00,71.0999984741211
2025-09-26 15:45:00+02:00,71.0999984741211
2025-09-26 16:00:00+02:00,71.12999725341797
2025-09-26 16:15:00+02:00,71.12000274658203
2025-09-26 16:30:00+02:00,71.16000366210938
2025-09-26 16:45:00+02:00,71.22000122070312
2025-09-26 17:00:00+02:00,71.19999694824219
2025-09-26 17:15:00+02:00,71.18000030517578
2025-09-29 09:00:00+02:00,71.2699966430664
2025-09-29 09:15:00+02:00,71.56999969482422
2025-09-29 09:30:00+02:00,71.62999725341797
2025-09-29 09:45:00+02:00,71.5
2025-09-29 10:00:00+02:00,71.31999969482422
2025-09-29 10:15:00+02:00,71.30000305175781
2025-09-29 10:30:00+02:00,71.25
2025-09-29 10:45:00+02:00,71.29000091552734
2025-09-29 11:00:00+02:00,71.38999938964844
2025-09-29 11:15:00+02:00,71.26000213623047
2025-09-29 11:30:00+02:00,71.2699966430664
2025-09-29 11:45:00+02:00,71.27999877929688
2025-09-29 12:00:00+02:00,71.22000122070312
2025-09-29 12:15:00+02:00,71.2699966430664
2025-09-29 12:30:00+02:00,71.20999908447266
2025-09-29 12:45:00+02:00,71.2300033569336
2025-09-29 13:00:00+02:00,71.18000030517578
2025-09-29 13:15:00+02:00,71.22000122070312
2025-09-29 13:30:00+02:00,71.31999969482422
2025-09-29 13:45:00+02:00,71.37999725341797
2025-09-29 14:00:00+02:00,71.27999877929688
2025-09-29 14:15:00+02:00,71.30999755859375
2025-09-29 14:30:00+02:00,71.31999969482422
2025-09-29 14:45:00+02:00,71.3499984741211
2025-09-29 15:00:00+02:00,71.3499984741211
2025-09-29 15:15:00+02:00,71.44999694824219
2025-09-29 15:30:00+02:00,71.30999755859375
2025-09-29 15:45:00+02:00,71.37000274658203
2025-09-29 16:00:00+02:00,71.44999694824219
2025-09-29 16:15:00+02:00,71.54000091552734
2025-09-29 16:30:00+02:00,72.37999725341797
2025-09-29 16:45:00+02:00,72.31999969482422
2025-09-29 17:00:00+02:00,72.30999755859375
2025-09-29 17:15:00+02:00,72.13999938964844
2025-09-30 09:00:00+02:00,72.69999694824219
2025-09-30 09:15:00+02:00,72.6500015258789
2025-09-30 09:30:00+02:00,72.27999877929688
2025-09-30 09:45:00+02:00,72.11000061035156
2025-09-30 10:00:00+02:00,72.20999908447266
2025-09-30 10:15:00+02:00,72.26000213623047
2025-09-30 10:30:00+02:00,72.16999816894531
2025-09-30 10:45:00+02:00,72.25
2025-09-30 11:00:00+02:00,72.30999755859375
2025-09-30 11:15:00+02:00,72.44000244140625
2025-09-30 11:30:00+02:00,72.43000030517578
2025-09-30 11:45:00+02:00,72.45999908447266
2025-09-30 12:00:00+02:00,72.47000122070312
2025-09-30 12:15:00+02:00,72.31999969482422
2025-09-30 12:30:00+02:00,72.4000015258789
2025-09-30 12:45:00+02:00,72.51000213623047
2025-09-30 13:00:00+02:00,72.45999908447266
2025-09-30 13:15:00+02:00,72.69999694824219
2025-09-30 13:30:00+02:00,72.80999755859375
2025-09-30 13:45:00+02:00,72.7699966430664
2025-09-30 14:00:00+02:00,72.8499984741211
2025-09-30 14:15:00+02:00,72.91999816894531
2025-09-30 14:30:00+02:00,73.06999969482422
2025-09-30 14:45:00+02:00,73.0
2025-09-30 15:00:00+02:00,73.05000305175781
2025-09-30 15:15:00+02:00,72.9800033569336
2025-09-30 15:30:00+02:00,73.05000305175781
2025-09-30 15:45:00+02:00,73.11000061035156
2025-09-30 16:00:00+02:00,73.05999755859375
2025-09-30 16:15:00+02:00,73.1500015258789
2025-09-30 16:30:00+02:00,73.06999969482422
2025-09-30 16:45:00+02:00,73.0199966430664
2025-09-30 17:00:00+02:00,73.08999633789062
2025-09-30 17:15:00+02:00,73.05999755859375
2025-10-01 09:00:00+02:00,73.5199966430664
2025-10-01 09:15:00+02:00,73.77999877929688
2025-10-01 09:30:00+02:00,73.93000030517578
2025-10-01 09:45:00+02:00,73.70999908447266
2025-10-01 10:00:00+02:00,73.87999725341797
2025-10-01 10:15:00+02:00,73.87000274658203
2025-10-01 10:30:00+02:00,73.86000061035156
2025-10-01 10:45:00+02:00,73.87000274658203
2025-10-01 11:00:00+02:00,73.94000244140625
2025-10-01 11:15:00+02:00,74.0
2025-10-01 11:30:00+02:00,74.11000061035156
2025-10-01 11:45:00+02:00,74.08999633789062
2025-10-01 12:00:00+02:00,74.12999725341797
2025-10-01 12:15:00+02:00,73.91999816894531
2025-10-01 12:30:00+02:00,73.98999786376953
2025-10-01 12:45:00+02:00,73.93000030517578
2025-10-01 13:00:00+02:00,73.69999694824219
2025-10-01 13:15:00+02:00,73.56999969482422
2025-10-01 13:30:00+02:00,73.5199966430664
2025-10-01 13:45:00+02:00,73.66000366210938
2025-10-01 14:00:00+02:00,73.7300033569336
2025-10-01 14:15:00+02:00,73.75
2025-10-01 14:30:00+02:00,73.7699966430664
2025-10-01 14:45:00+02:00,73.91999816894531
2025-10-01 15:00:00+02:00,73.91999816894531
2025-10-01 15:15:00+02:00,74.0199966430664
2025-10-01 15:30:00+02:00,74.05999755859375
2025-10-01 15:45:00+02:00,74.08999633789062
2025-10-01 16:00:00+02:00,74.05999755859375
2025-10-01 16:15:00+02:00,73.86000061035156
2025-10-01 16:30:00+02:00,73.88999938964844
2025-10-01 16:45:00+02:00,73.88999938964844
2025-10-01 17:00:00+02:00,73.81999969482422
2025-10-01 17:15:00+02:00,73.80000305175781
2025-10-02 09:00:00+02:00,74.68000030517578
2025-10-02 09:15:00+02:00,74.38999938964844
2025-10-02 09:30:00+02:00,74.23999786376953
2025-10-02 09:45:00+02:00,74.04000091552734
2025-10-02 10:00:00+02:00,74.05999755859375
2025-10-02 10:15:00+02:00,74.11000061035156
2025-10-02 10:30:00+02:00,74.05999755859375
2025-10-02 10:45:00+02:00,74.08999633789062
2025-10-02 11:00:00+02:00,74.1500015258789
2025-10-02 11:15:00+02:00,74.16000366210938
2025-10-02 11:30:00+02:00,74.2699966430664
2025-10-02 11:45:00+02:00,74.2300033569336
2025-10-02 12:00:00+02:00,74.1500015258789
2025-10-02 12:15:00+02:00,74.12999725341797
2025-10-02 12:30:00+02:00,74.12000274658203
2025-10-02 12:45:00+02:00,74.20999908447266
2025-10-02 13:00:00+02:00,74.16999816894531
2025-10-02 13:15:00+02:00,74.19000244140625
2025-10-02 13:30:00+02:00,74.22000122070312
2025-10-02 13:45:00+02:00,74.12000274658203
2025-10-02 14:00:00+02:00,74.1500015258789
2025-10-02 14:15:00+02:00,74.19999694824219
2025-10-02 14:30:00+02:00,74.37999725341797
2025-10-02 14:45:00+02:00,74.41000366210938
2025-10-02 15:00:00+02:00,74.56999969482422
2025-10-02 15:15:00+02:00,74.55999755859375
2025-10-02 15:30:00+02:00,74.72000122070312
2025-10-02 15:45:00+02:00,74.54000091552734
2025-10-02 16:00:00+02:00,74.38999938964844
2025-10-02 16:15:00+02:00,74.41999816894531
2025-10-02 16:30:00+02:00,74.29000091552734
2025-10-02 16:45:00+02:00,74.37999725341797
2025-10-02 17:00:00+02:00,74.30000305175781
2025-10-02 17:15:00+02:00,74.3499984741211
2025-10-03 09:00:00+02:00,74.37999725341797
2025-10-03 09:15:00+02:00,74.48999786376953
2025-10-03 09:30:00+02:00,74.2699966430664
2025-10-03 09:45:00+02:00,74.36000061035156
2025-10-03 10:00:00+02:00,74.4000015258789
2025-10-03 10:15:00+02:00,74.4000015258789
2025-10-03 10:30:00+02:00,74.3499984741211
2025-10-03 10:45:00+02:00,74.30999755859375
2025-10-03 11:00:00+02:00,74.33000183105469
2025-10-03 11:15:00+02:00,74.41999816894531
2025-10-03 11:30:00+02:00,74.45999908447266
2025-10-03 11:45:00+02:00,74.43000030517578
2025-10-03 12:00:00+02:00,74.4800033569336
2025-10-03 12:15:00+02:00,74.41000366210938
2025-10-03 12:30:00+02:00,74.30000305175781
2025-10-03 12:45:00+02:00,74.31999969482422
2025-10-03 13:00:00+02:00,74.16000366210938
2025-10-03 13:15:00+02:00,74.26000213623047
2025-10-03 13:30:00+02:00,74.26000213623047
2025-10-03 13:45:00+02:00,74.19999694824219
2025-10-03 14:00:00+02:00,74.19999694824219
2025-10-03 14:15:00+02:00,74.1500015258789
2025-10-03 14:30:00+02:00,74.20999908447266
2025-10-03 14:45:00+02:00,74.20999908447266
2025-10-03 15:00:00+02:00,74.1500015258789
2025-10-03 15:15:00+02:00,74.08000183105469
2025-10-03 15:30:00+02:00,74.12999725341797
2025-10-03 15:45:00+02:00,74.22000122070312
2025-10-03 16:00:00+02:00,74.26000213623047
2025-10-03 16:15:00+02:00,74.30000305175781
2025-10-03 16:30:00+02:00,74.3499984741211
2025-10-03 16:45:00+02:00,74.37999725341797
2025-10-03 17:00:00+02:00,74.23999786376953
2025-10-03 17:15:00+02:00,74.2300033569336
2025-10-06 09:00:00+02:00,73.9800033569336
2025-10-06 09:15:00+02:00,73.95999908447266
2025-10-06 09:30:00+02:00,73.94000244140625
2025-10-06 09:45:00+02:00,73.80000305175781
2025-10-06 10:00:00+02:00,73.86000061035156
2025-10-06 10:15:00+02:00,73.95999908447266
2025-10-06 10:30:00+02:00,73.93000030517578
2025-10-06 10:45:00+02:00,73.98999786376953
2025-10-06 11:00:00+02:00,74.02999877929688
2025-10-06 11:15:00+02:00,74.0199966430664
2025-10-06 11:30:00+02:00,74.06999969482422
2025-10-06 11:45:00+02:00,74.0999984741211
2025-10-06 12:00:00+02:00,74.04000091552734
2025-10-06 12:15:00+02:00,74.0199966430664
2025-10-06 12:30:00+02:00,74.06999969482422
2025-10-06 12:45:00+02:00,74.13999938964844
2025-10-06 13:00:00+02:00,74.19000244140625
2025-10-06 13:15:00+02:00,74.18000030517578
2025-10-06 13:30:00+02:00,74.16000366210938
2025-10-06 13:45:00+02:00,74.2300033569336
2025-10-06 14:00:00+02:00,74.27999877929688
2025-10-06 14:15:00+02:00,74.26000213623047
2025-10-06 14:30:00+02:00,74.19000244140625
2025-10-06 14:45:00+02:00,74.18000030517578
2025-10-06 15:00:00+02:00,74.1500015258789
2025-10-06 15:15:00+02:00,74.12000274658203
2025-10-06 15:30:00+02:00,74.08000183105469
2025-10-06 15:45:00+02:00,74.05000305175781
2025-10-06 16:00:00+02:00,74.12999725341797
2025-10-06 16:15:00+02:00,74.16000366210938
2025-10-06 16:30:00+02:00,74.1500015258789
2025-10-06 16:45:00+02:00,74.05000305175781
2025-10-06 17:00:00+02:00,74.16000366210938
2025-10-06 17:15:00+02:00,74.18000030517578
2025-10-07 09:00:00+02:00,74.94000244140625
2025-10-07 09:15:00+02:00,74.58999633789062
2025-10-07 09:30:00+02:00,74.52999877929688
2025-10-07 09:45:00+02:00,74.5999984741211
2025-10-07 10:00:00+02:00,74.62000274658203
2025-10-07 10:15:00+02:00,74.56999969482422
2025-10-07 10:30:00+02:00,74.72000122070312
2025-10-07 10:45:00+02:00,74.81999969482422
2025-10-07 11:00:00+02:00,74.58000183105469
2025-10-07 11:15:00+02:00,74.68000030517578
2025-10-07 11:30:00+02:00,74.66000366210938
2025-10-07 11:45:00+02:00,74.6500015258789
2025-10-07 12:00:00+02:00,74.68000030517578
2025-10-07 12:15:00+02:00,74.83000183105469
2025-10-07 12:30:00+02:00,74.80000305175781
2025-10-07 12:45:00+02:00,74.83000183105469
2025-10-07 13:00:00+02:00,74.81999969482422
2025-10-07 13:15:00+02:00,74.79000091552734
2025-10-07 13:30:00+02:00,74.69000244140625
2025-10-07 13:45:00+02:00,74.62000274658203
2025-10-07 14:00:00+02:00,74.58000183105469
2025-10-07 14:15:00+02:00,74.62999725341797
2025-10-07 14:30:00+02:00,74.56999969482422
2025-10-07 14:45:00+02:00,74.47000122070312
2025-10-07 15:00:00+02:00,74.4800033569336
2025-10-07 15:15:00+02:00,74.47000122070312
2025-10-07 15:30:00+02:00,74.27999877929688
2025-10-07 15:45:00+02:00,74.33999633789062
2025-10-07 16:00:00+02:00,74.38999938964844
2025-10-07 16:15:00+02:00,74.33000183105469
2025-10-07 16:30:00+02:00,74.19999694824219
2025-10-07 16:45:00+02:00,74.20999908447266
2025-10-07 17:00:00+02:00,74.41999816894531
2025-10-07 17:15:00+02:00,74.5199966430664
2025-10-08 09:00:00+02:00,74.58999633789062
2025-10-08 09:15:00+02:00,74.69000244140625
2025-10-08 09:30:00+02:00,74.80999755859375
2025-10-08 09:45:00+02:00,74.75
2025-10-08 10:00:00+02:00,74.72000122070312
2025-10-08 10:15:00+02:00,74.73999786376953
2025-10-08 10:30:00+02:00,74.91000366210938
2025-10-08 10:45:00+02:00,75.01000213623047
2025-10-08 11:00:00+02:00,75.06999969482422
2025-10-08 11:15:00+02:00,75.02999877929688
2025-10-08 11:30:00+02:00,74.9800033569336
2025-10-08 11:45:00+02:00,74.98999786376953
2025-10-08 12:00:00+02:00,74.87000274658203
2025-10-08 12:15:00+02:00,74.91000366210938
2025-10-08 12:30:00+02:00,74.88999938964844
2025-10-08 12:45:00+02:00,75.02999877929688
2025-10-08 13:00:00+02:00,75.05999755859375
2025-10-08 13:15:00+02:00,75.05999755859375
2025-10-08 13:30:00+02:00,75.11000061035156
2025-10-08 13:45:00+02:00,75.12999725341797
2025-10-08 14:00:00+02:00,75.3499984741211
2025-10-08 14:15:00+02:00,75.29000091552734
2025-10-08 14:30:00+02:00,75.36000061035156
2025-10-08 14:45:00+02:00,75.30000305175781
2025-10-08 15:00:00+02:00,75.47000122070312
2025-10-08 15:15:00+02:00,75.37999725341797
2025-10-08 15:30:00+02:00,75.13999938964844
2025-10-08 15:45:00+02:00,75.26000213623047
2025-10-08 16:00:00+02:00,75.25
2025-10-08 16:15:00+02:00,75.20999908447266
2025-10-08 16:30:00+02:00,75.18000030517578
2025-10-08 16:45:00+02:00,75.2300033569336
2025-10-08 17:00:00+02:00,75.16000366210938
2025-10-08 17:15:00+02:00,75.11000061035156
2025-10-09 09:00:00+02:00,74.87999725341797
2025-10-09 09:15:00+02:00,75.19000244140625
2025-10-09 09:30:00+02:00,75.26000213623047
2025-10-09 09:45:00+02:00,75.08999633789062
2025-10-09 10:00:00+02:00,75.08999633789062
2025-10-09 10:15:00+02:00,75.11000061035156
2025-10-09 10:30:00+02:00,75.05999755859375
2025-10-09 10:45:00+02:00,75.01000213623047
2025-10-09 11:00:00+02:00,74.95999908447266
2025-10-09 11:15:00+02:00,75.29000091552734
2025-10-09 11:30:00+02:00,75.45999908447266
2025-10-09 11:45:00+02:00,75.29000091552734
2025-10-09 12:00:00+02:00,75.37999725341797
2025-10-09 12:15:00+02:00,75.29000091552734
2025-10-09 12:30:00+02:00,75.2699966430664
2025-10-09 12:45:00+02:00,75.37999725341797
2025-10-09 13:00:00+02:00,75.37999725341797
2025-10-09 13:15:00+02:00,75.2699966430664
2025-10-09 13:30:00+02:00,75.37000274658203
2025-10-09 13:45:00+02:00,75.27999877929688
2025-10-09 14:00:00+02:00,75.18000030517578
2025-10-09 14:15:00+02:00,75.2300033569336
2025-10-09 14:30:00+02:00,75.23999786376953
2025-10-09 14:45:00+02:00,75.13999938964844
2025-10-09 15:00:00+02:00,75.06999969482422
2025-10-09 15:15:00+02:00,75.04000091552734
2025-10-09 15:30:00+02:00,75.01000213623047
2025-10-09 15:45:00+02:00,75.01000213623047
2025-10-09 16:00:00+02:00,74.95999908447266
2025-10-09 16:15:00+02:00,74.98999786376953
2025-10-09 16:30:00+02:00,74.98999786376953
2025-10-09 16:45:00+02:00,75.0
2025-10-09 17:00:00+02:00,75.0199966430664
2025-10-09 17:15:00+02:00,75.04000091552734
2025-10-10 09:00:00+02:00,75.08000183105469
2025-10-10 09:15:00+02:00,75.08000183105469
2025-10-10 09:30:00+02:00,75.08999633789062
2025-10-10 09:45:00+02:00,75.30999755859375
2025-10-10 10:00:00+02:00,75.30999755859375
2025-10-10 10:15:00+02:00,75.44999694824219
2025-10-10 10:30:00+02:00,75.55000305175781
2025-10-10 10:45:00+02:00,75.62999725341797
2025-10-10 11:00:00+02:00,75.54000091552734
2025-10-10 11:15:00+02:00,75.44000244140625
2025-10-10 11:30:00+02:00,75.48999786376953
2025-10-10 11:45:00+02:00,75.62000274658203
2025-10-10 12:00:00+02:00,75.63999938964844
2025-10-10 12:15:00+02:00,75.55999755859375
2025-10-10 12:30:00+02:00,75.5199966430664
2025-10-10 12:45:00+02:00,75.62000274658203
2025-10-10 13:00:00+02:00,75.51000213623047
2025-10-10 13:15:00+02:00,75.55000305175781
2025-10-10 13:30:00+02:00,75.63999938964844
2025-10-10 13:45:00+02:00,75.58000183105469
2025-10-10 14:00:00+02:00,75.69999694824219
2025-10-10 14:15:00+02:00,75.66000366210938
2025-10-10 14:30:00+02:00,75.43000030517578
2025-10-10 14:45:00+02:00,75.58999633789062
2025-10-10 15:00:00+02:00,75.63999938964844
2025-10-10 15:15:00+02:00,75.80999755859375
2025-10-10 15:30:00+02:00,75.88999938964844
2025-10-10 15:45:00+02:00,75.81999969482422
2025-10-10 16:00:00+02:00,75.83999633789062
2025-10-10 16:15:00+02:00,75.86000061035156
2025-10-10 16:30:00+02:00,75.91999816894531
2025-10-10 16:45:00+02:00,75.80000305175781
2025-10-10 17:00:00+02:00,75.5999984741211
2025-10-10 17:15:00+02:00,75.62999725341797
2025-10-13 09:00:00+02:00,75.75
2025-10-13 09:15:00+02:00,75.9000015258789
2025-10-13 09:30:00+02:00,75.8499984741211
2025-10-13 09:45:00+02:00,75.7300033569336
2025-10-13 10:00:00+02:00,75.44000244140625
2025-10-13 10:15:00+02:00,75.51000213623047
2025-10-13 10:30:00+02:00,75.5199966430664
2025-10-13 10:45:00+02:00,75.36000061035156
2025-10-13 11:00:00+02:00,75.30000305175781
2025-10-13 11:15:00+02:00,75.2699966430664
2025-10-13 11:30:00+02:00,75.44000244140625
2025-10-13 11:45:00+02:00,75.44000244140625
2025-10-13 12:00:00+02:00,75.44999694824219
2025-10-13 12:15:00+02:00,75.44000244140625
2025-10-13 12:30:00+02:00,75.4000015258789
2025-10-13 12:45:00+02:00,75.44999694824219
2025-10-13 13:00:00+02:00,75.54000091552734
2025-10-13 13:15:00+02:00,75.51000213623047
2025-10-13 13:30:00+02:00,75.43000030517578
2025-10-13 13:45:00+02:00,75.36000061035156
2025-10-13 14:00:00+02:00,75.30999755859375
2025-10-13 14:15:00+02:00,75.31999969482422
2025-10-13 14:30:00+02:00,75.31999969482422
2025-10-13 14:45:00+02:00,75.37999725341797
2025-10-13 15:00:00+02:00,75.3499984741211
2025-10-13 15:15:00+02:00,75.26000213623047
2025-10-13 15:30:00+02:00,75.23999786376953
2025-10-13 15:45:00+02:00,75.29000091552734
2025-10-13 16:00:00+02:00,75.19999694824219
2025-10-13 16:15:00+02:00,75.19999694824219
2025-10-13 16:30:00+02:00,75.26000213623047
2025-10-13 16:45:00+02:00,75.2300033569336
2025-10-13 17:00:00+02:00,75.33000183105469
2025-10-13 17:15:00+02:00,75.37999725341797
2025-10-14 09:00:00+02:00,75.7699966430664
2025-10-14 09:15:00+02:00,75.79000091552734
2025-10-14 09:30:00+02:00,75.80999755859375
2025-10-14 09:45:00+02:00,75.73999786376953
2025-10-14 10:00:00+02:00,75.76000213623047
2025-10-14 10:15:00+02:00,75.83999633789062
2025-10-14 10:30:00+02:00,75.93000030517578
2025-10-14 10:45:00+02:00,76.01000213623047
2025-10-14 11:00:00+02:00,76.08000183105469
2025-10-14 11:15:00+02:00,76.08999633789062
2025-10-14 11:30:00+02:00,76.01000213623047
2025-10-14 11:45:00+02:00,75.80000305175781
2025-10-14 12:00:00+02:00,75.87999725341797
2025-10-14 12:15:00+02:00,75.83999633789062
2025-10-14 12:30:00+02:00,75.68000030517578
2025-10-14 12:45:00+02:00,75.58999633789062
2025-10-14 13:00:00+02:00,75.54000091552734
2025-10-14 13:15:00+02:00,75.5
2025-10-14 13:30:00+02:00,75.33999633789062
2025-10-14 13:45:00+02:00,75.23999786376953
2025-10-14 14:00:00+02:00,75.01000213623047
2025-10-14 14:15:00+02:00,75.04000091552734
2025-10-14 14:30:00+02:00,75.05000305175781
2025-10-14 14:45:00+02:00,75.01000213623047
2025-10-14 15:00:00+02:00,74.97000122070312
2025-10-14 15:15:00+02:00,75.16999816894531
2025-10-14 15:30:00+02:00,75.16999816894531
2025-10-14 15:45:00+02:00,75.13999938964844
2025-10-14 16:00:00+02:00,75.0
2025-10-14 16:15:00+02:00,75.0
2025-10-14 16:30:00+02:00,74.93000030517578
2025-10-14 16:45:00+02:00,74.8499984741211
2025-10-14 17:00:00+02:00,74.83000183105469
2025-10-14 17:15:00+02:00,74.8499984741211
2025-10-15 09:00:00+02:00,75.2699966430664
2025-10-15 09:15:00+02:00,75.30999755859375
2025-10-15 09:30:00+02:00,75.58999633789062
2025-10-15 09:45:00+02:00,75.5199966430664
2025-10-15 10:00:00+02:00,75.47000122070312
2025-10-15 10:15:00+02:00,75.47000122070312
2025-10-15 10:30:00+02:00,75.41999816894531
2025-10-15 10:45:00+02:00,75.4000015258789
2025-10-15 11:00:00+02:00,75.45999908447266
2025-10-15 11:15:00+02:00,75.44999694824219
2025-10-15 11:30:00+02:00,75.5999984741211
2025-10-15 11:45:00+02:00,75.48999786376953
2025-10-15 12:00:00+02:00,75.44000244140625
2025-10-15 12:15:00+02:00,75.38999938964844
2025-10-15 12:30:00+02:00,75.18000030517578
2025-10-15 12:45:00+02:00,75.1500015258789
2025-10-15 13:00:00+02:00,75.16000366210938
2025-10-15 13:15:00+02:00,74.95999908447266
2025-10-15 13:30:00+02:00,75.02999877929688
2025-10-15 13:45:00+02:00,75.11000061035156
2025-10-15 14:00:00+02:00,75.06999969482422
2025-10-15 14:15:00+02:00,74.95999908447266
2025-10-15 14:30:00+02:00,74.97000122070312
2025-10-15 14:45:00+02:00,75.05999755859375
2025-10-15 15:00:00+02:00,74.9800033569336
2025-10-15 15:15:00+02:00,75.20999908447266
2025-10-15 15:30:00+02:00,75.45999908447266
2025-10-15 15:45:00+02:00,76.1500015258789
2025-10-15 16:00:00+02:00,75.95999908447266
2025-10-15 16:15:00+02:00,75.81999969482422
2025-10-15 16:30:00+02:00,75.9000015258789
2025-10-15 16:45:00+02:00,75.8499984741211
2025-10-15 17:00:00+02:00,75.88999938964844
2025-10-15 17:15:00+02:00,75.91000366210938
2025-10-16 09:00:00+02:00,81.81999969482422
2025-10-16 09:15:00+02:00,82.0999984741211
2025-10-16 09:30:00+02:00,82.0
2025-10-16 09:45:00+02:00,81.94999694824219
2025-10-16 10:00:00+02:00,81.6500015258789
2025-10-16 10:15:00+02:00,81.81999969482422
2025-10-16 10:30:00+02:00,82.11000061035156
2025-10-16 10:45:00+02:00,82.18000030517578
2025-10-16 11:00:00+02:00,82.63999938964844
2025-10-16 11:15:00+02:00,82.9000015258789
2025-10-16 11:30:00+02:00,82.72000122070312
2025-10-16 11:45:00+02:00,82.72000122070312
2025-10-16 12:00:00+02:00,82.48999786376953
2025-10-16 12:15:00+02:00,82.37000274658203
2025-10-16 12:30:00+02:00,82.30000305175781
2025-10-16 12:45:00+02:00,82.45999908447266
2025-10-16 13:00:00+02:00,81.88999938964844
2025-10-16 13:15:00+02:00,81.83999633789062
2025-10-16 13:30:00+02:00,81.87999725341797
2025-10-16 13:45:00+02:00,81.63999938964844
2025-10-16 14:00:00+02:00,81.75
2025-10-16 14:15:00+02:00,82.1500015258789
2025-10-16 14:30:00+02:00,82.41999816894531
2025-10-16 14:45:00+02:00,82.0999984741211
2025-10-16 15:00:00+02:00,82.5
2025-10-16 15:15:00+02:00,82.56999969482422
2025-10-16 15:30:00+02:00,82.3499984741211
2025-10-16 15:45:00+02:00,82.41999816894531
2025-10-16 16:00:00+02:00,82.19999694824219
2025-10-16 16:15:00+02:00,82.4800033569336
2025-10-16 16:30:00+02:00,82.68000030517578
2025-10-16 16:45:00+02:00,82.81999969482422
2025-10-16 17:00:00+02:00,83.23999786376953
2025-10-16 17:15:00+02:00,83.1500015258789
2025-10-17 09:00:00+02:00,82.4800033569336
2025-10-17 09:15:00+02:00,82.44999694824219
2025-10-17 09:30:00+02:00,82.47000122070312
2025-10-17 09:45:00+02:00,82.86000061035156
2025-10-17 10:00:00+02:00,82.62000274658203
2025-10-17 10:15:00+02:00,82.70999908447266
2025-10-17 10:30:00+02:00,83.02999877929688
2025-10-17 10:45:00+02:00,82.81999969482422
2025-10-17 11:00:00+02:00,82.97000122070312
2025-10-17 11:15:00+02:00,83.01000213623047
2025-10-17 11:30:00+02:00,83.02999877929688
2025-10-17 11:45:00+02:00,83.30000305175781
2025-10-17 12:00:00+02:00,83.33999633789062
2025-10-17 12:15:00+02:00,83.08000183105469
2025-10-17 12:30:00+02:00,83.20999908447266
2025-10-17 12:45:00+02:00,83.0999984741211
2025-10-17 13:00:00+02:00,83.08000183105469
2025-10-17 13:15:00+02:00,83.01000213623047
2025-10-17 13:30:00+02:00,82.95999908447266
2025-10-17 13:45:00+02:00,83.1500015258789
2025-10-17 14:00:00+02:00,83.1500015258789
2025-10-17 14:15:00+02:00,83.19999694824219
2025-10-17 14:30:00+02:00,83.31999969482422
2025-10-17 14:45:00+02:00,83.37999725341797
2025-10-17 15:00:00+02:00,83.55000305175781
2025-10-17 15:15:00+02:00,83.87999725341797
2025-10-17 15:30:00+02:00,84.2300033569336
2025-10-17 15:45:00+02:00,84.12999725341797
2025-10-17 16:00:00+02:00,84.26000213623047
2025-10-17 16:15:00+02:00,84.55999755859375
2025-10-17 16:30:00+02:00,84.55999755859375
2025-10-17 16:45:00+02:00,84.62999725341797
2025-10-17 17:00:00+02:00,84.83000183105469
2025-10-17 17:15:00+02:00,84.83000183105469
2025-10-20 09:00:00+02:00,84.30000305175781
2025-10-20 09:15:00+02:00,84.33000183105469
2025-10-20 09:30:00+02:00,84.69999694824219
2025-10-20 09:45:00+02:00,84.81999969482422
2025-10-20 10:00:00+02:00,84.80999755859375
2025-10-20 10:15:00+02:00,84.80999755859375
2025-10-20 10:30:00+02:00,84.5199966430664
2025-10-20 10:45:00+02:00,84.5199966430664
2025-10-20 11:00:00+02:00,84.5199966430664
2025-10-20 11:15:00+02:00,84.73999786376953
2025-10-20 11:30:00+02:00,84.5999984741211
2025-10-20 11:45:00+02:00,84.54000091552734
2025-10-20 12:00:00+02:00,84.6500015258789
2025-10-20 12:15:00+02:00,84.5999984741211
2025-10-20 12:30:00+02:00,84.5
2025-10-20 12:45:00+02:00,84.45999908447266
2025-10-20 13:00:00+02:00,84.4000015258789
2025-10-20 13:15:00+02:00,84.19000244140625
2025-10-20 13:30:00+02:00,84.16999816894531
2025-10-20 13:45:00+02:00,84.18000030517578
2025-10-20 14:00:00+02:00,84.16000366210938
2025-10-20 14:15:00+02:00,84.1500015258789
2025-10-20 14:30:00+02:00,84.0199966430664
2025-10-20 14:45:00+02:00,83.8499984741211
2025-10-20 15:00:00+02:00,83.88999938964844
2025-10-20 15:15:00+02:00,84.05999755859375
2025-10-20 15:30:00+02:00,83.94000244140625
2025-10-20 15:45:00+02:00,83.76000213623047
2025-10-20 16:00:00+02:00,83.94999694824219
2025-10-20 16:15:00+02:00,83.97000122070312
2025-10-20 16:30:00+02:00,83.91999816894531
2025-10-20 16:45:00+02:00,83.88999938964844
2025-10-20 17:00:00+02:00,83.88999938964844
2025-10-20 17:15:00+02:00,83.8499984741211
2025-10-21 09:00:00+02:00,83.76000213623047
2025-10-21 09:15:00+02:00,83.58000183105469
2025-10-21 09:30:00+02:00,83.4000015258789
2025-10-21 09:45:00+02:00,83.37000274658203
2025-10-21 10:00:00+02:00,83.43000030517578
2025-10-21 10:15:00+02:00,83.5
2025-10-21 10:30:00+02:00,83.5199966430664
2025-10-21 10:45:00+02:00,83.58000183105469
2025-10-21 11:00:00+02:00,83.69000244140625
2025-10-21 11:15:00+02:00,83.77999877929688
2025-10-21 11:30:00+02:00,83.68000030517578
2025-10-21 11:45:00+02:00,83.55999755859375
2025-10-21 12:00:00+02:00,83.4800033569336
2025-10-21 12:15:00+02:00,83.4800033569336
2025-10-21 12:30:00+02:00,83.44999694824219
2025-10-21 12:45:00+02:00,83.41000366210938
2025-10-21 13:00:00+02:00,83.3499984741211
2025-10-21 13:15:00+02:00,83.51000213623047
2025-10-21 13:30:00+02:00,83.41000366210938
2025-10-21 13:45:00+02:00,83.3499984741211
2025-10-21 14:00:00+02:00,83.23999786376953
2025-10-21 14:15:00+02:00,83.12000274658203
2025-10-21 14:30:00+02:00,83.08999633789062
2025-10-21 14:45:00+02:00,83.08000183105469
2025-10-21 15:00:00+02:00,83.19000244140625
2025-10-21 15:15:00+02:00,83.2699966430664
2025-10-21 15:30:00+02:00,83.19000244140625
2025-10-21 15:45:00+02:00,82.91999816894531
2025-10-21 16:00:00+02:00,82.66999816894531
2025-10-21 16:15:00+02:00,82.83000183105469
2025-10-21 16:30:00+02:00,82.83999633789062
2025-10-21 16:45:00+02:00,82.83000183105469
2025-10-21 17:00:00+02:00,82.9000015258789
2025-10-21 17:15:00+02:00,82.9000015258789
2025-10-22 09:00:00+02:00,81.47000122070312
2025-10-22 09:15:00+02:00,81.45999908447266
2025-10-22 09:30:00+02:00,81.31999969482422
2025-10-22 09:45:00+02:00,81.08999633789062
2025-10-22 10:00:00+02:00,81.08999633789062
2025-10-22 10:15:00+02:00,81.37999725341797
2025-10-22 10:30:00+02:00,81.30999755859375
2025-10-22 10:45:00+02:00,81.26000213623047
2025-10-22 11:00:00+02:00,81.47000122070312
2025-10-22 11:15:00+02:00,81.3499984741211
2025-10-22 11:30:00+02:00,81.44999694824219
2025-10-22 11:45:00+02:00,81.33000183105469
2025-10-22 12:00:00+02:00,81.30000305175781
2025-10-22 12:15:00+02:00,81.41000366210938
2025-10-22 12:30:00+02:00,81.38999938964844
2025-10-22 12:45:00+02:00,81.5
2025-10-22 13:00:00+02:00,81.55000305175781
2025-10-22 13:15:00+02:00,81.58999633789062
2025-10-22 13:30:00+02:00,81.61000061035156
2025-10-22 13:45:00+02:00,81.63999938964844
2025-10-22 14:00:00+02:00,81.62999725341797
2025-10-22 14:15:00+02:00,81.66000366210938
2025-10-22 14:30:00+02:00,81.5999984741211
2025-10-22 14:45:00+02:00,81.51000213623047
2025-10-22 15:00:00+02:00,81.33999633789062
2025-10-22 15:15:00+02:00,81.23999786376953
2025-10-22 15:30:00+02:00,81.20999908447266
2025-10-22 15:45:00+02:00,81.19000244140625
2025-10-22 16:00:00+02:00,81.5999984741211
2025-10-22 16:15:00+02:00,81.56999969482422
2025-10-22 16:30:00+02:00,81.44000244140625
2025-10-22 16:45:00+02:00,81.5
2025-10-22 17:00:00+02:00,81.44999694824219
2025-10-22 17:15:00+02:00,81.61000061035156
2025-10-23 09:00:00+02:00,81.69999694824219
2025-10-23 09:15:00+02:00,81.55999755859375
2025-10-23 09:30:00+02:00,81.5
2025-10-23 09:45:00+02:00,81.58000183105469
2025-10-23 10:00:00+02:00,81.5
2025-10-23 10:15:00+02:00,81.56999969482422
2025-10-23 10:30:00+02:00,81.79000091552734
2025-10-23 10:45:00+02:00,81.69000244140625
2025-10-23 11:00:00+02:00,81.69000244140625
2025-10-23 11:15:00+02:00,81.55999755859375
2025-10-23 11:30:00+02:00,81.52999877929688
2025-10-23 11:45:00+02:00,81.58000183105469
2025-10-23 12:00:00+02:00,81.76000213623047
2025-10-23 12:15:00+02:00,81.76000213623047
2025-10-23 12:30:00+02:00,81.72000122070312
2025-10-23 12:45:00+02:00,81.69000244140625
2025-10-23 13:00:00+02:00,81.70999908447266
2025-10-23 13:15:00+02:00,81.5999984741211
2025-10-23 13:30:00+02:00,81.63999938964844
2025-10-23 13:45:00+02:00,81.58999633789062
2025-10-23 14:00:00+02:00,81.41999816894531
2025-10-23 14:15:00+02:00,81.33999633789062
2025-10-23 14:30:00+02:00,81.2300033569336
2025-10-23 14:45:00+02:00,81.06999969482422
2025-10-23 15:00:00+02:00,81.16000366210938
2025-10-23 15:15:00+02:00,81.02999877929688
2025-10-23 15:30:00+02:00,80.98999786376953
2025-10-23 15:45:00+02:00,80.8499984741211
2025-10-23 16:00:00+02:00,80.83999633789062
2025-10-23 16:15:00+02:00,80.87000274658203
2025-10-23 16:30:00+02:00,80.86000061035156
2025-10-23 16:45:00+02:00,80.81999969482422
2025-10-23 17:00:00+02:00,80.87999725341797
2025-10-23 17:15:00+02:00,80.81999969482422
2025-10-24 09:00:00+02:00,80.58999633789062
2025-10-24 09:15:00+02:00,80.41999816894531
2025-10-24 09:30:00+02:00,80.2699966430664
2025-10-24 09:45:00+02:00,80.26000213623047
2025-10-24 10:00:00+02:00,80.27999877929688
2025-10-24 10:15:00+02:00,80.20999908447266
2025-10-24 10:30:00+02:00,80.37000274658203
2025-10-24 10:45:00+02:00,80.30999755859375
2025-10-24 11:00:00+02:00,80.19999694824219
2025-10-24 11:15:00+02:00,80.30999755859375
2025-10-24 11:30:00+02:00,80.48999786376953
2025-10-24 11:45:00+02:00,80.48999786376953
2025-10-24 12:00:00+02:00,80.52999877929688
2025-10-24 12:15:00+02:00,80.4000015258789
2025-10-24 12:30:00+02:00,80.31999969482422
2025-10-24 12:45:00+02:00,80.26000213623047
2025-10-24 13:00:00+02:00,80.26000213623047
2025-10-24 13:15:00+02:00,80.30999755859375
2025-10-24 13:30:00+02:00,80.30000305175781
2025-10-24 13:45:00+02:00,80.30000305175781
2025-10-24 14:00:00+02:00,80.31999969482422
2025-10-24 14:15:00+02:00,80.38999938964844
2025-10-24 14:30:00+02:00,80.33999633789062
2025-10-24 14:45:00+02:00,80.2699966430664
2025-10-24 15:00:00+02:00,80.19000244140625
2025-10-24 15:15:00+02:00,80.16999816894531
2025-10-24 15:30:00+02:00,79.98999786376953
2025-10-24 15:45:00+02:00,79.93000030517578
2025-10-24 16:00:00+02:00,79.94999694824219
2025-10-24 16:15:00+02:00,80.12999725341797
2025-10-24 16:30:00+02:00,80.06999969482422
2025-10-24 16:45:00+02:00,80.02999877929688
2025-10-24 17:00:00+02:00,80.04000091552734
2025-10-24 17:15:00+02:00,80.08000183105469
2025-10-27 09:00:00+01:00,79.83999633789062
2025-10-27 09:15:00+01:00,79.83999633789062
2025-10-27 09:30:00+01:00,79.9000015258789
2025-10-27 09:45:00+01:00,79.87999725341797
2025-10-27 10:00:00+01:00,79.88999938964844
2025-10-27 10:15:00+01:00,79.8499984741211
2025-10-27 10:30:00+01:00,79.81999969482422
2025-10-27 10:45:00+01:00,79.83999633789062
2025-10-27 11:00:00+01:00,79.69999694824219
2025-10-27 11:15:00+01:00,79.83000183105469
2025-10-27 11:30:00+01:00,79.80999755859375
2025-10-27 11:45:00+01:00,79.80000305175781
2025-10-27 12:00:00+01:00,79.79000091552734
2025-10-27 12:15:00+01:00,79.75
2025-10-27 12:30:00+01:00,79.69000244140625
2025-10-27 12:45:00+01:00,79.72000122070312
2025-10-27 13:00:00+01:00,79.7300033569336
2025-10-27 13:15:00+01:00,79.7699966430664
2025-10-27 13:30:00+01:00,79.75
2025-10-27 13:45:00+01:00,79.6500015258789
2025-10-27 14:00:00+01:00,79.5999984741211
2025-10-27 14:15:00+01:00,79.66999816894531
2025-10-27 14:30:00+01:00,79.63999938964844
2025-10-27 14:45:00+01:00,79.73999786376953
2025-10-27 15:00:00+01:00,79.76000213623047
2025-10-27 15:15:00+01:00,79.70999908447266
2025-10-27 15:30:00+01:00,79.76000213623047
2025-10-27 15:45:00+01:00,79.7699966430664
2025-10-27 16:00:00+01:00,79.73999786376953
2025-10-27 16:15:00+01:00,79.7300033569336
2025-10-27 16:30:00+01:00,79.76000213623047
2025-10-27 16:45:00+01:00,79.72000122070312
2025-10-27 17:00:00+01:00,79.7300033569336
2025-10-27 17:15:00+01:00,79.76000213623047
2025-10-28 09:00:00+01:00,79.93000030517578
2025-10-28 09:15:00+01:00,79.79000091552734
2025-10-28 09:30:00+01:00,79.75
2025-10-28 09:45:00+01:00,79.66999816894531
2025-10-28 10:00:00+01:00,79.81999969482422
2025-10-28 10:15:00+01:00,79.5999984741211
2025-10-28 10:30:00+01:00,79.5
2025-10-28 10:45:00+01:00,79.33000183105469
2025-10-28 11:00:00+01:00,79.43000030517578
2025-10-28 11:15:00+01:00,79.48999786376953
2025-10-28 11:30:00+01:00,79.4800033569336
2025-10-28 11:45:00+01:00,79.37000274658203
2025-10-28 12:00:00+01:00,79.3499984741211
2025-10-28 12:15:00+01:00,79.2300033569336
2025-10-28 12:30:00+01:00,79.05000305175781
2025-10-28 12:45:00+01:00,79.20999908447266
2025-10-28 13:00:00+01:00,79.18000030517578
2025-10-28 13:15:00+01:00,79.29000091552734
2025-10-28 13:30:00+01:00,79.30000305175781
2025-10-28 13:45:00+01:00,79.26000213623047
2025-10-28 14:00:00+01:00,79.23999786376953
2025-10-28 14:15:00+01:00,79.30000305175781
2025-10-28 14:30:00+01:00,79.01000213623047
2025-10-28 14:45:00+01:00,79.12000274658203
2025-10-28 15:00:00+01:00,79.23999786376953
2025-10-28 15:15:00+01:00,79.4000015258789
2025-10-28 15:30:00+01:00,79.38999938964844
2025-10-28 15:45:00+01:00,79.23999786376953
2025-10-28 16:00:00+01:00,79.36000061035156
2025-10-28 16:15:00+01:00,79.25
2025-10-28 16:30:00+01:00,79.19999694824219
2025-10-28 16:45:00+01:00,79.30999755859375
2025-10-28 17:00:00+01:00,79.20999908447266
2025-10-28 17:15:00+01:00,79.30000305175781
2025-10-29 09:00:00+01:00,79.23999786376953
2025-10-29 09:15:00+01:00,79.05000305175781
2025-10-29 09:30:00+01:00,79.1500015258789
2025-10-29 09:45:00+01:00,79.08999633789062
2025-10-29 10:00:00+01:00,79.19999694824219
2025-10-29 10:15:00+01:00,79.2699966430664
2025-10-29 10:30:00+01:00,79.08000183105469
2025-10-29 10:45:00+01:00,79.1500015258789
2025-10-29 11:00:00+01:00,79.25
2025-10-29 11:15:00+01:00,79.20999908447266
2025-10-29 11:30:00+01:00,79.2699966430664
2025-10-29 11:45:00+01:00,79.20999908447266
2025-10-29 12:00:00+01:00,79.12000274658203
2025-10-29 12:15:00+01:00,79.0199966430664
2025-10-29 12:30:00+01:00,78.9800033569336
2025-10-29 12:45:00+01:00,79.02999877929688
2025-10-29 13:00:00+01:00,79.08999633789062
2025-10-29 13:15:00+01:00,79.0999984741211
2025-10-29 13:30:00+01:00,78.98999786376953
2025-10-29 13:45:00+01:00,78.94000244140625
2025-10-29 14:00:00+01:00,79.05999755859375
2025-10-29 14:15:00+01:00,79.05000305175781
2025-10-29 14:30:00+01:00,78.80000305175781
2025-10-29 14:45:00+01:00,78.76000213623047
2025-10-29 15:00:00+01:00,78.68000030517578
2025-10-29 15:15:00+01:00,78.5999984741211
2025-10-29 15:30:00+01:00,78.5199966430664
2025-10-29 15:45:00+01:00,78.54000091552734
2025-10-29 16:00:00+01:00,78.4800033569336
2025-10-29 16:15:00+01:00,78.44000244140625
2025-10-29 16:30:00+01:00,78.45999908447266
2025-10-29 16:45:00+01:00,78.36000061035156
2025-10-29 17:00:00+01:00,78.52999877929688
2025-10-29 17:15:00+01:00,78.5
2025-10-30 09:00:00+01:00,78.3499984741211
2025-10-30 09:15:00+01:00,78.33000183105469
2025-10-30 09:30:00+01:00,78.26000213623047
2025-10-30 09:45:00+01:00,78.51000213623047
2025-10-30 10:00:00+01:00,78.63999938964844
2025-10-30 10:15:00+01:00,78.61000061035156
2025-10-30 10:30:00+01:00,78.62000274658203
2025-10-30 10:45:00+01:00,78.5999984741211
2025-10-30 11:00:00+01:00,78.54000091552734
2025-10-30 11:15:00+01:00,78.4800033569336
2025-10-30 11:30:00+01:00,78.4800033569336
2025-10-30 11:45:00+01:00,78.5199966430664
2025-10-30 12:00:00+01:00,78.54000091552734
2025-10-30 12:15:00+01:00,78.47000122070312
2025-10-30 12:30:00+01:00,78.41999816894531
2025-10-30 12:45:00+01:00,78.33000183105469
2025-10-30 13:00:00+01:00,78.30000305175781
2025-10-30 13:15:00+01:00,78.37999725341797
2025-10-30 13:30:00+01:00,78.33000183105469
2025-10-30 13:45:00+01:00,78.27999877929688
2025-10-30 14:00:00+01:00,78.0199966430664
2025-10-30 14:15:00+01:00,77.95999908447266
2025-10-30 14:30:00+01:00,77.68000030517578
2025-10-30 14:45:00+01:00,77.58999633789062
2025-10-30 15:00:00+01:00,77.68000030517578
2025-10-30 15:15:00+01:00,77.66000366210938
2025-10-30 15:30:00+01:00,77.45999908447266
2025-10-30 15:45:00+01:00,77.55000305175781
2025-10-30 16:00:00+01:00,77.43000030517578
2025-10-30 16:15:00+01:00,77.4000015258789
2025-10-30 16:30:00+01:00,77.62000274658203
2025-10-30 16:45:00+01:00,77.56999969482422
2025-10-30 17:00:00+01:00,77.48999786376953
2025-10-30 17:15:00+01:00,77.55999755859375
2025-10-31 09:00:00+01:00,77.4000015258789
2025-10-31 09:15:00+01:00,77.16999816894531
2025-10-31 09:30:00+01:00,77.16000366210938
2025-10-31 09:45:00+01:00,77.13999938964844
2025-10-31 10:00:00+01:00,77.12999725341797
2025-10-31 10:15:00+01:00,77.05000305175781
2025-10-31 10:30:00+01:00,77.04000091552734
2025-10-31 10:45:00+01:00,76.94999694824219
2025-10-31 11:00:00+01:00,76.91000366210938
2025-10-31 11:15:00+01:00,76.88999938964844
2025-10-31 11:30:00+01:00,76.8499984741211
2025-10-31 11:45:00+01:00,76.93000030517578
2025-10-31 12:00:00+01:00,76.83000183105469
2025-10-31 12:15:00+01:00,76.80000305175781
2025-10-31 12:30:00+01:00,76.79000091552734
2025-10-31 12:45:00+01:00,76.83000183105469
2025-10-31 13:00:00+01:00,76.62999725341797
2025-10-31 13:15:00+01:00,76.68000030517578
2025-10-31 13:30:00+01:00,76.62000274658203
2025-10-31 13:45:00+01:00,76.51000213623047
2025-10-31 14:00:00+01:00,76.47000122070312
2025-10-31 14:15:00+01:00,76.5199966430664
2025-10-31 14:30:00+01:00,76.45999908447266
2025-10-31 14:45:00+01:00,76.44000244140625
2025-10-31 15:00:00+01:00,76.44999694824219
2025-10-31 15:15:00+01:00,76.37999725341797
2025-10-31 15:30:00+01:00,76.43000030517578
2025-10-31 15:45:00+01:00,76.44999694824219
2025-10-31 16:00:00+01:00,76.33999633789062
2025-10-31 16:15:00+01:00,76.44000244140625
2025-10-31 16:30:00+01:00,76.48999786376953
2025-10-31 16:45:00+01:00,76.6500015258789
2025-10-31 17:00:00+01:00,76.66000366210938
2025-10-31 17:15:00+01:00,76.6500015258789
2025-11-03 09:00:00+01:00,77.5
2025-11-03 09:15:00+01:00,77.55000305175781
2025-11-03 09:30:00+01:00,77.55999755859375
2025-11-03 09:45:00+01:00,77.76000213623047
2025-11-03 10:00:00+01:00,77.72000122070312
2025-11-03 10:15:00+01:00,78.02999877929688
2025-11-03 10:30:00+01:00,78.01000213623047
2025-11-03 10:45:00+01:00,77.97000122070312
2025-11-03 11:00:00+01:00,77.86000061035156
2025-11-03 11:15:00+01:00,77.88999938964844
2025-11-03 11:30:00+01:00,77.83999633789062
2025-11-03 11:45:00+01:00,77.8499984741211
2025-11-03 12:00:00+01:00,77.87000274658203
2025-11-03 12:15:00+01:00,77.77999877929688
2025-11-03 12:30:00+01:00,77.9000015258789
2025-11-03 12:45:00+01:00,77.83999633789062
2025-11-03 13:00:00+01:00,77.8499984741211
2025-11-03 13:15:00+01:00,77.8499984741211
2025-11-03 13:30:00+01:00,77.97000122070312
2025-11-03 13:45:00+01:00,77.97000122070312
2025-11-03 14:00:00+01:00,77.94000244140625
2025-11-03 14:15:00+01:00,77.83999633789062
2025-11-03 14:30:00+01:00,77.98999786376953
2025-11-03 14:45:00+01:00,77.77999877929688
2025-11-03 15:00:00+01:00,77.83999633789062
2025-11-03 15:15:00+01:00,77.68000030517578
2025-11-03 15:30:00+01:00,77.69999694824219
2025-11-03 15:45:00+01:00,77.52999877929688
2025-11-03 16:00:00+01:00,77.68000030517578
2025-11-03 16:15:00+01:00,77.6500015258789
2025-11-03 16:30:00+01:00,77.7300033569336
2025-11-03 16:45:00+01:00,77.62999725341797
2025-11-03 17:00:00+01:00,77.5
2025-11-03 17:15:00+01:00,77.56999969482422
